timestamp,cpu_temp,gpu_temp,mb_temp,is_anomaly,anomaly_type
2025-06-10 02:49:04.734878,52.22038222735791,62.184535266399024,40.82169141719383,0,
2025-06-10 02:50:04.734878,51.61763777498542,61.52080363860406,41.26233610150589,0,
2025-06-10 02:51:04.734878,52.435695993430116,60.27145673787439,40.76006779086474,0,
2025-06-10 02:52:04.734878,53.34301345703301,59.25957023437912,41.163622576601256,0,
2025-06-10 02:53:04.734878,51.61767652854026,61.325079825315775,39.91102321806877,0,
2025-06-10 02:54:04.734878,51.64940879998836,60.91554671353893,41.61240784436712,0,
2025-06-10 02:55:04.734878,53.49434337333008,61.715485666775635,41.458529659201126,0,
2025-06-10 02:56:04.734878,52.71401843374288,61.37263325940791,40.819620947440434,0,
2025-06-10 02:57:04.734878,51.50843021248185,62.041185970604204,42.016348833954325,0,
2025-06-10 02:58:04.734878,52.551652686584475,59.71078614715692,42.2546024316005,0,
2025-06-10 02:59:04.734878,51.57672955174722,62.53631196529102,40.23402573078466,0,
2025-06-10 03:00:04.734878,51.60533805829522,60.90300112483681,40.92535408307977,0,
2025-06-10 03:01:04.734878,52.34381602779889,63.76567194328718,40.93561299828659,0,
2025-06-10 03:02:04.734878,50.21922424688402,59.66497501017837,40.81432976488382,0,
2025-06-10 03:03:04.734878,50.43810160173351,63.34847485611768,42.24508959066867,0,
2025-06-10 03:04:04.734878,51.63111047414554,61.086963180273735,41.44163809067501,0,
2025-06-10 03:05:04.734878,51.21080850026313,59.858332425474664,41.400207937250286,0,
2025-06-10 03:06:04.734878,52.56799104271815,60.154786814102835,40.02378196353604,0,
2025-06-10 03:07:04.734878,51.37568562330279,60.445043585944525,42.15018927357938,0,
2025-06-10 03:08:04.734878,50.90123331485641,61.60655444389043,40.665361792213076,0,
2025-06-10 03:09:04.734878,53.80887386327841,61.79909087358853,41.71955865139149,0,
2025-06-10 03:10:04.734878,52.146997067614706,60.19861004624399,41.90828823441717,0,
2025-06-10 03:11:04.734878,52.46970947955624,61.06674002391101,42.78961751410508,0,
2025-06-10 03:12:04.734878,51.006700068560484,64.36057792007871,40.66866780809168,0,
2025-06-10 03:13:04.734878,51.91619102609181,63.78217538107656,39.31467715065183,0,
2025-06-10 03:14:04.734878,52.60047979759989,61.88882131634608,41.89185823974796,0,
2025-06-10 03:15:04.734878,51.36740449736747,61.33460232943696,43.19960798260357,0,
2025-06-10 03:16:04.734878,52.92279382057339,61.500690693418974,42.76470498346541,0,
2025-06-10 03:17:04.734878,51.97501115392169,62.283751724856366,41.95555245413995,0,
2025-06-10 03:18:04.734878,52.312365906207035,59.87190063620286,41.40872087949452,0,
2025-06-10 03:19:04.734878,52.03061808559589,61.06242224060291,42.461860426222486,0,
2025-06-10 03:20:04.734878,54.51272261569872,58.98779053596829,41.05138525583131,0,
2025-06-10 03:21:04.734878,52.674921095996666,62.131462165009815,42.225295375852276,0,
2025-06-10 03:22:04.734878,51.658534904921304,62.54516266036991,42.2624990442719,0,
2025-06-10 03:23:04.734878,53.56647135292504,60.89110996778373,42.72013114641003,0,
2025-06-10 03:24:04.734878,51.550615964598684,64.01816956678961,44.09345783841371,0,
2025-06-10 03:25:04.734878,53.00770842593357,59.85961875188972,42.21335518920742,0,
2025-06-10 03:26:04.734878,50.86641144464436,59.54256003247148,41.505869883696064,0,
2025-06-10 03:27:04.734878,51.52498325990902,62.116431691051126,41.90612520465013,0,
2025-06-10 03:28:04.734878,53.07696877193634,63.39080875801906,40.52479304412231,0,
2025-06-10 03:29:04.734878,90.12339804581232,64.38623514334445,41.39767736384797,1,cpu
2025-06-10 03:30:04.734878,53.10490168410232,61.21197371006512,41.63934075096569,0,
2025-06-10 03:31:04.734878,52.844371742957975,63.558051288166276,41.56073929432544,0,
2025-06-10 03:32:04.734878,52.68525140488364,61.92176994645833,42.11506144786345,0,
2025-06-10 03:33:04.734878,51.53401613654318,61.759866240454684,41.348333117549544,0,
2025-06-10 03:34:04.734878,52.318724397777466,63.38334281548827,42.91610883694567,0,
2025-06-10 03:35:04.734878,52.603807271715034,63.07515338163237,42.032388673271974,0,
2025-06-10 03:36:04.734878,54.14729216996839,59.77066668014784,42.03764471496385,0,
2025-06-10 03:37:04.734878,53.459358109218584,64.38842025406403,41.795554136614726,0,
2025-06-10 03:38:04.734878,51.37811502820046,64.28186980656596,42.19473013886878,0,
2025-06-10 03:39:04.734878,53.49049952101158,61.31127927516089,42.743286387542504,0,
2025-06-10 03:40:04.734878,52.8064381624736,62.880985964490996,41.40205604887624,0,
2025-06-10 03:41:04.734878,52.53954737911568,63.06574934855656,41.58174149845061,0,
2025-06-10 03:42:04.734878,53.85293817506103,62.752903478066095,41.877650120088745,0,
2025-06-10 03:43:04.734878,54.29689701376784,61.5733885061397,41.05625200685737,0,
2025-06-10 03:44:04.734878,54.221655844666614,61.42812853641855,41.48978157499801,0,
2025-06-10 03:45:04.734878,52.47547859980282,62.43371307805101,66.11646419389993,1,mb
2025-06-10 03:46:04.734878,53.029645844820465,64.26738085989658,42.868940454906024,0,
2025-06-10 03:47:04.734878,53.69412498988115,63.35969256960804,42.39147984244033,0,
2025-06-10 03:48:04.734878,54.3622508065766,62.0241370210522,42.348224768821154,0,
2025-06-10 03:49:04.734878,52.93121589179863,88.84287271659032,42.88591343455634,1,gpu
2025-06-10 03:50:04.734878,53.24825548146504,97.24118563515027,42.107059798344906,1,gpu
2025-06-10 03:51:04.734878,52.3509432430337,64.40906587611775,42.54101098846298,0,
2025-06-10 03:52:04.734878,52.28427433748359,60.11115077417924,42.15766307843614,0,
2025-06-10 03:53:04.734878,54.31604807234983,62.211621962828744,42.46405100449751,0,
2025-06-10 03:54:04.734878,54.882641672111745,61.11009762337217,41.7969938956812,0,
2025-06-10 03:55:04.734878,53.47710858514913,60.881655846512835,40.3235056267436,0,
2025-06-10 03:56:04.734878,54.57520590491314,64.59874969159947,42.17841317376151,0,
2025-06-10 03:57:04.734878,53.95570014006216,62.18954437055395,43.43523056638722,0,
2025-06-10 03:58:04.734878,52.97117184981013,63.44419322921896,43.0491181240009,0,
2025-06-10 03:59:04.734878,53.99975065755237,62.88715170974716,43.091495513694916,0,
2025-06-10 04:00:04.734878,55.19829060431035,63.70594229760126,43.31903159636717,0,
2025-06-10 04:01:04.734878,53.64616210578147,63.13821505392751,42.41192014521486,0,
2025-06-10 04:02:04.734878,55.268200615213004,61.13084710281564,42.509631045623976,0,
2025-06-10 04:03:04.734878,51.10521496663823,64.58184033526267,41.86835851901651,0,
2025-06-10 04:04:04.734878,54.56809957576918,62.37866073234896,42.12024025087534,0,
2025-06-10 04:05:04.734878,53.85431462531325,60.81602848762299,42.87625069835445,0,
2025-06-10 04:06:04.734878,53.48916377615379,62.540083948480614,43.357193113044886,0,
2025-06-10 04:07:04.734878,53.900668158589355,65.46450075903225,42.29289667048213,0,
2025-06-10 04:08:04.734878,51.841907013988376,64.51954650605414,42.054586552413504,0,
2025-06-10 04:09:04.734878,53.630204486792906,95.20719193786562,42.425360554400484,1,gpu
2025-06-10 04:10:04.734878,54.22722090329397,62.78127594119568,42.916019565034404,0,
2025-06-10 04:11:04.734878,55.36806545959888,62.85280454545997,41.29000185452185,0,
2025-06-10 04:12:04.734878,53.39179502361003,66.48021983816678,40.61808785843205,0,
2025-06-10 04:13:04.734878,53.121295831218184,63.96758732951439,42.024465237462415,0,
2025-06-10 04:14:04.734878,53.44758657243571,64.06907789481697,41.498101867278805,0,
2025-06-10 04:15:04.734878,54.884129533028954,64.99851630403809,42.07785154954559,0,
2025-06-10 04:16:04.734878,54.31669157265136,63.840094433027275,42.37574597644186,0,
2025-06-10 04:17:04.734878,53.47722218945884,63.12191037110776,42.14089246939453,0,
2025-06-10 04:18:04.734878,54.53912027661196,63.244254491620445,43.6749004493259,0,
2025-06-10 04:19:04.734878,54.14162900389172,98.69562200334784,42.7836715389537,1,gpu
2025-06-10 04:20:04.734878,55.031722860899386,63.53878345078498,42.77191842287191,0,
2025-06-10 04:21:04.734878,53.37937864437346,64.7135919228317,43.03848158436013,0,
2025-06-10 04:22:04.734878,53.77195056216767,63.727337891859094,41.638739860158104,0,
2025-06-10 04:23:04.734878,53.72551228263873,64.7753907694797,43.39009964782166,0,
2025-06-10 04:24:04.734878,52.671939628293885,63.58210699447614,42.50711585898464,0,
2025-06-10 04:25:04.734878,54.44923506825904,63.84762497226584,43.11294188939021,0,
2025-06-10 04:26:04.734878,54.43165601603113,60.7586000889787,41.7278145854935,0,
2025-06-10 04:27:04.734878,54.193025558131446,65.1563596642872,41.35094903793164,0,
2025-06-10 04:28:04.734878,53.97046140114925,99.12211356259098,43.25683599368223,1,gpu
2025-06-10 04:29:04.734878,52.806638974654106,65.33002973984625,42.91213247923027,0,
2025-06-10 04:30:04.734878,53.81815000234751,59.51380992037876,41.897756419070426,0,
2025-06-10 04:31:04.734878,53.91269052364889,67.01566961743458,41.93197205506807,0,
2025-06-10 04:32:04.734878,53.46956127644626,63.698373376269046,43.536267100365755,0,
2025-06-10 04:33:04.734878,81.37132987725707,65.59441751818514,41.69251825006576,1,cpu
2025-06-10 04:34:04.734878,54.70822653663478,62.396404629042074,43.966226202514896,0,
2025-06-10 04:35:04.734878,56.206264594038515,64.89927889683582,41.9395427586957,0,
2025-06-10 04:36:04.734878,54.51038207780386,62.423583052697545,43.17861567297271,0,
2025-06-10 04:37:04.734878,54.60890248758288,63.09137470424647,42.412781267830866,0,
2025-06-10 04:38:04.734878,54.29227597671781,66.92112986952614,43.16591089110786,0,
2025-06-10 04:39:04.734878,52.4631421439258,63.78684643769225,42.25566547792106,0,
2025-06-10 04:40:04.734878,54.37041233240986,64.42153862155821,42.5682287790717,0,
2025-06-10 04:41:04.734878,54.471990362504734,65.42274182487868,42.73861541659843,0,
2025-06-10 04:42:04.734878,56.88965702340707,64.8831451983416,41.91145749083571,0,
2025-06-10 04:43:04.734878,54.24852923914672,64.38696366360713,43.31310457830002,0,
2025-06-10 04:44:04.734878,54.756733098326784,64.73022013768909,42.317022024819316,0,
2025-06-10 04:45:04.734878,54.434589525245805,67.809075320284,42.55177071520351,0,
2025-06-10 04:46:04.734878,53.31455851444247,64.1384266325426,41.946138776344185,0,
2025-06-10 04:47:04.734878,55.63981407653379,64.5471354631006,40.698628703973135,0,
2025-06-10 04:48:04.734878,55.26249819563831,85.09696536684565,42.60246037139563,1,gpu
2025-06-10 04:49:04.734878,55.31498994347583,65.94422589408616,44.692071335506725,0,
2025-06-10 04:50:04.734878,53.62778205268753,66.08629971956397,43.39626818405956,0,
2025-06-10 04:51:04.734878,55.95299375550797,65.28339449990158,42.75969141849841,0,
2025-06-10 04:52:04.734878,53.16119649683807,62.63006397034981,42.57121111644856,0,
2025-06-10 04:53:04.734878,55.162570701848416,66.81371771052386,42.80582951827371,0,
2025-06-10 04:54:04.734878,84.03196422545297,62.66277793349486,43.231793966481135,1,cpu
2025-06-10 04:55:04.734878,53.6099622187286,64.85470101364749,41.85559901968257,0,
2025-06-10 04:56:04.734878,54.046319229780416,63.287511664045745,43.697765835426694,0,
2025-06-10 04:57:04.734878,54.72420372962411,64.34062102691522,43.38458123462123,0,
2025-06-10 04:58:04.734878,54.13282887797003,64.94760041358457,43.392700846609465,0,
2025-06-10 04:59:04.734878,53.097209807221994,64.9538456806076,43.174717210191844,0,
2025-06-10 05:00:04.734878,54.72782123769671,65.12176852568895,42.84532245760054,0,
2025-06-10 05:01:04.734878,53.60815567541333,66.92625598729711,43.37351868334318,0,
2025-06-10 05:02:04.734878,55.155068834416255,65.20251605794259,43.31418950888364,0,
2025-06-10 05:03:04.734878,53.77288486283374,64.17222869266534,42.56292197978095,0,
2025-06-10 05:04:04.734878,56.252891667777504,66.00056664657248,42.392597213062466,0,
2025-06-10 05:05:04.734878,53.93016740579638,66.35433678058588,42.9381953852759,0,
2025-06-10 05:06:04.734878,54.401637687771085,62.74413708325966,44.10106572318453,0,
2025-06-10 05:07:04.734878,55.54730980197416,65.49678898168152,41.875610631779125,0,
2025-06-10 05:08:04.734878,53.51283633141839,65.66731008524488,41.69783011132422,0,
2025-06-10 05:09:04.734878,54.980883139689254,64.1837895525877,43.00852027553178,0,
2025-06-10 05:10:04.734878,56.07010282548176,66.70800032676642,42.92219019708448,0,
2025-06-10 05:11:04.734878,53.16482783006556,64.43338321639139,60.8778823705816,1,mb
2025-06-10 05:12:04.734878,54.96610986587036,64.8605786912144,43.08590056199583,0,
2025-06-10 05:13:04.734878,55.05033751909426,64.42607435084295,42.71666555871508,0,
2025-06-10 05:14:04.734878,55.5810699179856,64.72223914068465,44.091514273985815,0,
2025-06-10 05:15:04.734878,53.570902093154224,63.06736657570566,41.62320321923494,0,
2025-06-10 05:16:04.734878,53.49581522139236,62.56433142782352,42.24533829741412,0,
2025-06-10 05:17:04.734878,55.346445542872,67.12851356072011,42.82964818050831,0,
2025-06-10 05:18:04.734878,55.12953374887273,63.47838159098183,41.60172348889644,0,
2025-06-10 05:19:04.734878,55.09089982680879,85.85675745055664,42.7795199646858,1,gpu
2025-06-10 05:20:04.734878,55.19452573961906,61.54203112477755,44.25321489764346,0,
2025-06-10 05:21:04.734878,54.17553586900229,63.824898264336916,61.537837055132165,1,mb
2025-06-10 05:22:04.734878,55.09510971253332,62.80964933294722,43.1159887322611,0,
2025-06-10 05:23:04.734878,55.163036138901,67.26796823860803,41.92685002066309,0,
2025-06-10 05:24:04.734878,54.16253198792501,66.33005074294103,42.4453525765441,0,
2025-06-10 05:25:04.734878,56.74938961582236,63.793197139249834,42.64165044807965,0,
2025-06-10 05:26:04.734878,55.363991554530955,68.2138916584452,42.690907239404595,0,
2025-06-10 05:27:04.734878,53.70521037099406,66.31741903278245,43.97357197010137,0,
2025-06-10 05:28:04.734878,55.55923429604953,64.36677395586062,43.39749319228795,0,
2025-06-10 05:29:04.734878,53.933977303641505,61.113879888492875,42.065163121384785,0,
2025-06-10 05:30:04.734878,55.70153321748055,68.30808677949327,43.15442812961466,0,
2025-06-10 05:31:04.734878,56.07864507580455,62.795715545050335,43.358602147196,0,
2025-06-10 05:32:04.734878,54.104779198061514,62.42009415418449,43.87484998902362,0,
2025-06-10 05:33:04.734878,55.89406069879359,66.42988250233836,44.22977483402933,0,
2025-06-10 05:34:04.734878,55.348499483702376,68.56320644465772,42.15578392492064,0,
2025-06-10 05:35:04.734878,55.76262354221769,66.98725430110058,42.321595682143325,0,
2025-06-10 05:36:04.734878,56.84201193633668,65.76369211060263,41.96654718970968,0,
2025-06-10 05:37:04.734878,54.70429706650624,65.8166592862616,42.787626703968975,0,
2025-06-10 05:38:04.734878,54.2002258193143,66.21106631367813,43.350067691392965,0,
2025-06-10 05:39:04.734878,54.068534846121096,66.07546679830007,43.76889225114459,0,
2025-06-10 05:40:04.734878,54.146136695952016,65.36470760733025,42.92021267154471,0,
2025-06-10 05:41:04.734878,54.88855331556351,65.10478419339424,42.72694949388494,0,
2025-06-10 05:42:04.734878,55.310325312147924,64.85987031414763,43.105993062464634,0,
2025-06-10 05:43:04.734878,55.24919265032488,63.82780589319228,42.31813660419341,0,
2025-06-10 05:44:04.734878,55.802823751634264,64.54244813859721,44.65945122865494,0,
2025-06-10 05:45:04.734878,54.99159112426394,62.428448627285974,41.703165794498574,0,
2025-06-10 05:46:04.734878,56.43488206137599,64.82451253613588,43.13846645522592,0,
2025-06-10 05:47:04.734878,54.719259872335535,63.49298839763385,44.61084332817046,0,
2025-06-10 05:48:04.734878,57.706464514135355,63.32405904549495,42.99858754942087,0,
2025-06-10 05:49:04.734878,55.614151212614516,65.25256702400448,42.842210704423564,0,
2025-06-10 05:50:04.734878,54.13332465940229,67.07372675324477,42.70928476966095,0,
2025-06-10 05:51:04.734878,53.92139786434612,66.36591045261432,42.85183183579369,0,
2025-06-10 05:52:04.734878,55.476380685434144,62.63511149985167,44.0952329148367,0,
2025-06-10 05:53:04.734878,54.771873123041274,63.50856165769519,41.22817842511996,0,
2025-06-10 05:54:04.734878,55.71057374384766,66.40601665661569,44.225033585914844,0,
2025-06-10 05:55:04.734878,55.47085789537263,63.522699315891174,41.859644413439426,0,
2025-06-10 05:56:04.734878,54.92564803890704,64.66076570235033,42.78591661239442,0,
2025-06-10 05:57:04.734878,54.15234955767166,65.82379306214693,42.656176101631104,0,
2025-06-10 05:58:04.734878,53.48477200595585,63.546912163667116,43.470652231137436,0,
2025-06-10 05:59:04.734878,54.553389855140324,65.15792047002995,41.721452922096674,0,
2025-06-10 06:00:04.734878,55.856398794323475,62.998961757622695,43.36973813286556,0,
2025-06-10 06:01:04.734878,55.213998551337546,64.0978057448842,44.61940010223315,0,
2025-06-10 06:02:04.734878,53.753880451929724,65.47910174717637,41.90927041164661,0,
2025-06-10 06:03:04.734878,55.17232420159125,62.609224313312595,43.15133657195835,0,
2025-06-10 06:04:04.734878,55.383794331292755,65.65842753428646,42.46965273354467,0,
2025-06-10 06:05:04.734878,54.113762834597956,64.96697370780862,43.33951990035397,0,
2025-06-10 06:06:04.734878,55.150298355701096,65.82359480625908,43.01360484681039,0,
2025-06-10 06:07:04.734878,55.05354462681313,65.32887506364769,42.484478426948115,0,
2025-06-10 06:08:04.734878,53.850937972360335,67.0370730502472,43.38725196299234,0,
2025-06-10 06:09:04.734878,55.350077722755515,65.17627229758271,44.43962366903301,0,
2025-06-10 06:10:04.734878,55.55126674218681,64.34161501204,42.84251807452745,0,
2025-06-10 06:11:04.734878,56.07153510802478,65.16617205182268,43.570048286143304,0,
2025-06-10 06:12:04.734878,56.04009739958064,65.79439006487318,41.958529307475935,0,
2025-06-10 06:13:04.734878,53.6062473376164,65.04916516384878,42.22680925133234,0,
2025-06-10 06:14:04.734878,54.04352294430355,65.03290951313383,43.36859901441364,0,
2025-06-10 06:15:04.734878,55.493624499594695,63.91489631686892,44.176587439021795,0,
2025-06-10 06:16:04.734878,55.48942645351045,63.969109377570945,43.27231093032765,0,
2025-06-10 06:17:04.734878,55.48754953730091,62.854844868792746,42.73580450107891,0,
2025-06-10 06:18:04.734878,58.821904827985996,67.57812512077732,42.98401979300433,0,
2025-06-10 06:19:04.734878,55.53654553567078,63.08268768437949,41.98250132531304,0,
2025-06-10 06:20:04.734878,56.097512621098055,63.90356267468232,43.46458575154303,0,
2025-06-10 06:21:04.734878,55.91205103923982,63.85946301526613,43.684891087732034,0,
2025-06-10 06:22:04.734878,55.605353234977585,66.27332954092435,42.61530872556943,0,
2025-06-10 06:23:04.734878,54.634415937868766,64.48210325632563,42.598808873046956,0,
2025-06-10 06:24:04.734878,55.704188174176004,66.78944153953469,43.18531206056301,0,
2025-06-10 06:25:04.734878,54.16773816768563,63.900609136968995,42.62090590227912,0,
2025-06-10 06:26:04.734878,54.69889995002587,65.32206907848452,42.91495318668228,0,
2025-06-10 06:27:04.734878,54.44532102172016,63.643006274434256,44.64511971610784,0,
2025-06-10 06:28:04.734878,55.007335655799544,68.10591596627991,42.765110197609815,0,
2025-06-10 06:29:04.734878,57.234708063470656,63.09867661665146,42.67335262678159,0,
2025-06-10 06:30:04.734878,53.04718342114636,65.3364039859477,42.439190862360924,0,
2025-06-10 06:31:04.734878,55.594919164243336,65.81365378220138,43.54968306413436,0,
2025-06-10 06:32:04.734878,53.28996481622605,65.4747196773008,42.806361005133375,0,
2025-06-10 06:33:04.734878,54.42458200240727,64.56683931397849,42.42875850344121,0,
2025-06-10 06:34:04.734878,55.97910923058653,64.64050690082861,44.002122542627994,0,
2025-06-10 06:35:04.734878,54.947895123773066,64.89113986498508,44.07748995594971,0,
2025-06-10 06:36:04.734878,53.79913862802207,64.59482210648434,42.458102850384726,0,
2025-06-10 06:37:04.734878,54.15465995634235,66.25076417359585,41.441749871712666,0,
2025-06-10 06:38:04.734878,55.54245376430699,68.1100685254455,43.737438959555696,0,
2025-06-10 06:39:04.734878,54.12519395886364,63.94710320835942,42.38007643468239,0,
2025-06-10 06:40:04.734878,55.06453611970406,62.71741182581451,43.55653924439126,0,
2025-06-10 06:41:04.734878,54.88597881636672,64.62818739216749,41.344120434061985,0,
2025-06-10 06:42:04.734878,54.180948728033734,68.6183876199408,43.630352408459224,0,
2025-06-10 06:43:04.734878,56.96844806658042,63.531244113928054,41.94331444520292,0,
2025-06-10 06:44:04.734878,55.45019085679465,67.18308295988106,43.49274721249154,0,
2025-06-10 06:45:04.734878,52.7827102173747,67.22833042716313,42.9153448562853,0,
2025-06-10 06:46:04.734878,54.98570136097772,63.868488206750456,42.13647198758683,0,
2025-06-10 06:47:04.734878,54.12866826007745,65.53915670604667,42.569598312081496,0,
2025-06-10 06:48:04.734878,55.63390934213428,67.11480894569989,43.43979276923439,0,
2025-06-10 06:49:04.734878,53.97979032619409,64.08977498545896,42.97087109480558,0,
2025-06-10 06:50:04.734878,54.648223629732435,64.33906956664545,43.34901041997765,0,
2025-06-10 06:51:04.734878,55.258410484065585,63.757613436704716,44.457864070154955,0,
2025-06-10 06:52:04.734878,55.60945584202247,63.09341587573923,41.62045703455733,0,
2025-06-10 06:53:04.734878,53.53349617754871,63.62677255930772,44.16066635227714,0,
2025-06-10 06:54:04.734878,54.38919796813582,62.74963840582176,42.94533435200695,0,
2025-06-10 06:55:04.734878,54.23847538697166,64.62125624958777,42.1376831104078,0,
2025-06-10 06:56:04.734878,54.049628030186256,63.39947604755198,41.78722773078879,0,
2025-06-10 06:57:04.734878,56.45776333734864,64.88914251328744,42.69485823591215,0,
2025-06-10 06:58:04.734878,55.08645811474203,62.18837113636618,43.578058291430104,0,
2025-06-10 06:59:04.734878,53.40957543480439,65.00200943203083,42.733190398267695,0,
2025-06-10 07:00:04.734878,55.577120209945456,65.7391808367494,44.03855307564322,0,
2025-06-10 07:01:04.734878,56.77002943530076,61.48120639357501,41.66299606710282,0,
2025-06-10 07:02:04.734878,55.66876979263738,65.0155416529007,42.80848110776627,0,
2025-06-10 07:03:04.734878,53.10518239858246,66.27833203551464,41.81036142673774,0,
2025-06-10 07:04:04.734878,54.12838288651694,62.604463911037975,43.09721398579157,0,
2025-06-10 07:05:04.734878,55.867409693045914,66.90960639604549,43.509759184007486,0,
2025-06-10 07:06:04.734878,53.88052788306315,65.01082453707195,42.457489239396125,0,
2025-06-10 07:07:04.734878,55.019533036194375,63.30605262843461,40.70448571872237,0,
2025-06-10 07:08:04.734878,55.337681613059694,64.26091772295898,42.94068229725237,0,
2025-06-10 07:09:04.734878,53.623268972993785,65.16278953564039,43.12449056367274,0,
2025-06-10 07:10:04.734878,54.47764415142047,64.41976234834202,43.0920205577105,0,
2025-06-10 07:11:04.734878,51.28269065636371,65.09407098331873,43.75060475167412,0,
2025-06-10 07:12:04.734878,53.48617752161724,62.884837354808255,41.89843963775653,0,
2025-06-10 07:13:04.734878,54.244423110625604,64.49952812908228,43.29266851536974,0,
2025-06-10 07:14:04.734878,53.23545337009715,98.67588815369163,43.69562428601338,1,gpu
2025-06-10 07:15:04.734878,56.10171259888269,64.03711285040353,41.31178058027031,0,
2025-06-10 07:16:04.734878,53.02504437803254,62.82691717179257,42.983314338731766,0,
2025-06-10 07:17:04.734878,54.00084571723086,63.058040392007115,42.31710123715778,0,
2025-06-10 07:18:04.734878,54.557155488207876,65.99376212919833,42.647989316979576,0,
2025-06-10 07:19:04.734878,55.853033441629826,65.75460540973697,42.98402126311252,0,
2025-06-10 07:20:04.734878,52.96106405667964,65.00909649314939,42.3086802526387,0,
2025-06-10 07:21:04.734878,55.5450771113798,62.434400891828396,42.15039021628313,0,
2025-06-10 07:22:04.734878,54.376954953503564,63.575470164183756,42.71068288023241,0,
2025-06-10 07:23:04.734878,53.369843445812165,65.84667469525895,41.805879297339814,0,
2025-06-10 07:24:04.734878,54.79790773923529,64.21628176791789,41.79924202937786,0,
2025-06-10 07:25:04.734878,54.51913838840145,67.45911234921452,43.203537972779195,0,
2025-06-10 07:26:04.734878,53.703958802661454,64.54624027882193,41.7330526117832,0,
2025-06-10 07:27:04.734878,54.357897613709255,64.22021696781391,43.17709776508699,0,
2025-06-10 07:28:04.734878,53.88652494880611,63.44408312219805,43.0059923071171,0,
2025-06-10 07:29:04.734878,54.368922385426906,64.08341891743692,41.24705713705535,0,
2025-06-10 07:30:04.734878,54.90092599963391,63.629488233098485,42.07734594068791,0,
2025-06-10 07:31:04.734878,55.80802653284987,64.89517759008966,43.56629238079016,0,
2025-06-10 07:32:04.734878,52.967233035697554,65.24262627697848,41.81759184235046,0,
2025-06-10 07:33:04.734878,56.32094547614525,62.602883961471555,42.22243264089698,0,
2025-06-10 07:34:04.734878,52.21851294432874,61.7590516854402,42.95494908652714,0,
2025-06-10 07:35:04.734878,54.001329696158884,60.975364127136764,43.20326980302331,0,
2025-06-10 07:36:04.734878,54.72377178291059,64.46516885500783,42.36649617937741,0,
2025-06-10 07:37:04.734878,54.39861230350592,62.02138074439552,42.08080206213213,0,
2025-06-10 07:38:04.734878,53.47691318894484,60.420083173719426,43.687702243741526,0,
2025-06-10 07:39:04.734878,53.873309487893536,64.20501551417267,43.93183560016347,0,
2025-06-10 07:40:04.734878,53.57007693570767,67.33411608169894,43.31462537580869,0,
2025-06-10 07:41:04.734878,53.455186697599466,63.557720814505686,42.59053024132386,0,
2025-06-10 07:42:04.734878,54.87545494051963,64.79651542692537,41.866313844436554,0,
2025-06-10 07:43:04.734878,91.01912451065803,63.633217627660166,41.839135671367686,1,cpu
2025-06-10 07:44:04.734878,53.29503086773102,63.33357621470079,42.91198151570844,0,
2025-06-10 07:45:04.734878,54.868327290760135,64.83170584747198,42.81908228437439,0,
2025-06-10 07:46:04.734878,54.25664313689686,62.98860360774739,43.595950682367274,0,
2025-06-10 07:47:04.734878,54.74265155295033,63.79577262227491,42.9852547910846,0,
2025-06-10 07:48:04.734878,54.53969408380729,63.84764457211954,41.25256837953398,0,
2025-06-10 07:49:04.734878,53.06117640393529,62.33312144182147,69.03223627344707,1,mb
2025-06-10 07:50:04.734878,53.30992729158525,64.79322602197811,41.63660566403958,0,
2025-06-10 07:51:04.734878,54.59716997975368,63.01237492690252,42.11776116975332,0,
2025-06-10 07:52:04.734878,54.43984619402274,62.110596153644636,42.614898129295995,0,
2025-06-10 07:53:04.734878,53.788005788089706,64.01812583843639,44.0009876828541,0,
2025-06-10 07:54:04.734878,53.905498509928435,61.83455471724292,44.882020408114116,0,
2025-06-10 07:55:04.734878,55.044932452863506,63.19317307166631,42.86901222584648,0,
2025-06-10 07:56:04.734878,53.15462568255813,63.105617112124634,42.22654124072067,0,
2025-06-10 07:57:04.734878,54.272057451898014,64.71628345483933,42.79008455414843,0,
2025-06-10 07:58:04.734878,53.5013643069651,63.76738278841843,43.061902820398565,0,
2025-06-10 07:59:04.734878,53.464306941664205,62.98544177921942,42.084459971999955,0,
2025-06-10 08:00:04.734878,54.75903088983158,64.21703050556701,43.766296103652046,0,
2025-06-10 08:01:04.734878,54.463771401031984,65.04284390159191,42.5032341333751,0,
2025-06-10 08:02:04.734878,54.4298012404159,63.76115286615068,42.70634027348075,0,
2025-06-10 08:03:04.734878,54.89954292216886,62.90662510228686,42.829771459150834,0,
2025-06-10 08:04:04.734878,53.59267684865389,60.889755162006445,42.62310579200212,0,
2025-06-10 08:05:04.734878,54.23107167802443,61.22600756548114,42.94571175374042,0,
2025-06-10 08:06:04.734878,92.15241634939554,62.33176540877938,41.769398272532925,1,cpu
2025-06-10 08:07:04.734878,53.82768860244407,61.841015071694514,41.80511972182099,0,
2025-06-10 08:08:04.734878,53.350337907196575,62.44026448786822,41.36011709440478,0,
2025-06-10 08:09:04.734878,53.554274182032444,62.77089221290526,42.580240093016045,0,
2025-06-10 08:10:04.734878,54.029071483565765,63.445410818728384,42.84010643187412,0,
2025-06-10 08:11:04.734878,52.59216944641046,62.50983702737725,42.571413357743474,0,
2025-06-10 08:12:04.734878,55.4790929551397,63.30981098492067,43.53294678640515,0,
2025-06-10 08:13:04.734878,52.356844176977894,62.64100395993158,42.17695396417556,0,
2025-06-10 08:14:04.734878,52.12466960788395,59.54508748147671,42.70442243480985,0,
2025-06-10 08:15:04.734878,54.47280699652553,61.06304109381004,41.28398736060127,0,
2025-06-10 08:16:04.734878,54.08203841951335,62.219432254743204,41.835508100795685,0,
2025-06-10 08:17:04.734878,53.89001730832404,60.58430412264617,42.68937895168857,0,
2025-06-10 08:18:04.734878,92.1779918601557,63.26178592432454,42.79991263170459,1,cpu
2025-06-10 08:19:04.734878,53.204222606574724,64.620830317648,41.873061131579476,0,
2025-06-10 08:20:04.734878,52.294266071404095,64.11542344188085,42.03848081995851,0,
2025-06-10 08:21:04.734878,53.24222010981052,61.92945902102987,40.86890877846375,0,
2025-06-10 08:22:04.734878,52.46399347205108,64.44782198061971,41.78495423113631,0,
2025-06-10 08:23:04.734878,54.09085955306787,62.39661091527836,42.77017644064089,0,
2025-06-10 08:24:04.734878,52.943112562247336,61.62962595894716,42.50524898475999,0,
2025-06-10 08:25:04.734878,52.23894884588232,61.17656506870083,42.432755598442384,0,
2025-06-10 08:26:04.734878,52.71718276451919,61.604148379526066,42.05910325283086,0,
2025-06-10 08:27:04.734878,53.42546958118623,61.43654196255407,42.01191959035785,0,
2025-06-10 08:28:04.734878,52.42263054766895,62.23515698427262,41.46492063865771,0,
2025-06-10 08:29:04.734878,52.13779962977979,62.18089100959413,42.53907274883514,0,
2025-06-10 08:30:04.734878,53.17722061440426,61.90486913459865,42.303545056967685,0,
2025-06-10 08:31:04.734878,53.15186230854715,62.515750860777175,42.34706294711346,0,
2025-06-10 08:32:04.734878,52.373164360696094,63.60613071628034,41.519225893899545,0,
2025-06-10 08:33:04.734878,52.38213100318913,63.204085166373154,40.20391031850673,0,
2025-06-10 08:34:04.734878,53.058131505881775,59.511775400111354,42.79076295366503,0,
2025-06-10 08:35:04.734878,51.350760489431494,98.62022634062461,41.516352450657685,1,gpu
2025-06-10 08:36:04.734878,51.363995840193155,63.05866928871348,41.19550919605036,0,
2025-06-10 08:37:04.734878,52.025482219569426,59.565571613609656,42.42674634994212,0,
2025-06-10 08:38:04.734878,52.50279868216535,61.23722064797678,41.54451280500329,0,
2025-06-10 08:39:04.734878,52.999325886332606,59.77745794201286,42.6921582676046,0,
2025-06-10 08:40:04.734878,54.13580064813933,58.78769599041464,42.323826975256246,0,
2025-06-10 08:41:04.734878,53.48998432102731,62.26068113904512,42.36301780747302,0,
2025-06-10 08:42:04.734878,52.44412112603688,62.54482222445443,40.70926525903973,0,
2025-06-10 08:43:04.734878,52.55663363593781,60.49870916467067,42.75738011022937,0,
2025-06-10 08:44:04.734878,51.544566437589914,57.434080265124216,41.98254832610094,0,
2025-06-10 08:45:04.734878,52.49988493879738,60.45823043980594,41.463777325997924,0,
2025-06-10 08:46:04.734878,52.20089856896988,61.82204181993886,41.85948937781881,0,
2025-06-10 08:47:04.734878,52.78329231095508,58.972493272764304,40.30929868898984,0,
2025-06-10 08:48:04.734878,51.604217311221625,61.42221226182965,42.042646376571504,0,
2025-06-10 08:49:04.734878,52.92152778910949,61.080307138542985,40.8775934308885,0,
2025-06-10 08:50:04.734878,53.90551228110382,61.92809730155349,40.60425045537579,0,
2025-06-10 08:51:04.734878,52.234464945899994,61.19420819415651,40.45372519820411,0,
2025-06-10 08:52:04.734878,52.71524873829065,59.51070211296523,42.54691920808779,0,
2025-06-10 08:53:04.734878,52.973853690535115,62.720421800732744,41.13844413445777,0,
2025-06-10 08:54:04.734878,51.85252323823704,60.64282120564386,42.85385402299464,0,
2025-06-10 08:55:04.734878,52.44773210240797,60.79450262163144,41.18317863985694,0,
2025-06-10 08:56:04.734878,52.205990404168304,59.39019506646997,40.230812635618896,0,
2025-06-10 08:57:04.734878,52.260695532795374,60.079605774582554,40.68829016516435,0,
2025-06-10 08:58:04.734878,51.35949470768635,59.37155266627237,42.55490154177646,0,
2025-06-10 08:59:04.734878,52.1263639304918,60.39336154446415,41.42620833576709,0,
2025-06-10 09:00:04.734878,52.56906610311093,63.17416443801173,41.09690406874026,0,
2025-06-10 09:01:04.734878,53.49129085235472,58.50236915244249,41.64808820296207,0,
2025-06-10 09:02:04.734878,52.96836346908372,58.09329686768265,41.905972510433294,0,
2025-06-10 09:03:04.734878,54.131087055928354,62.67361238886562,42.38287135193037,0,
2025-06-10 09:04:04.734878,51.17923614170193,60.10589004115716,42.63209123620933,0,
2025-06-10 09:05:04.734878,52.78745119454337,59.369086728744165,41.16975036228008,0,
2025-06-10 09:06:04.734878,52.0668877626759,61.88517566650042,40.38093472960314,0,
2025-06-10 09:07:04.734878,54.04163283648126,59.36932154529009,41.09514282273317,0,
2025-06-10 09:08:04.734878,51.01168531526984,62.968989971257884,41.6182162055788,0,
2025-06-10 09:09:04.734878,50.94828561314864,61.198899990003035,40.622996586696225,0,
2025-06-10 09:10:04.734878,51.15650943071258,59.40198600201636,40.61223030616227,0,
2025-06-10 09:11:04.734878,49.59977235003688,63.321464431418285,41.63686434241325,0,
2025-06-10 09:12:04.734878,51.165551041907825,59.12838671087786,41.30673115053793,0,
2025-06-10 09:13:04.734878,50.89968399845464,61.10136804802647,41.35564592633344,0,
2025-06-10 09:14:04.734878,51.77659426863358,60.388239593845796,40.70630397331863,0,
2025-06-10 09:15:04.734878,51.93521412677785,61.84279916059923,41.11240850413573,0,
2025-06-10 09:16:04.734878,53.43676112912096,62.18315222994789,40.540908629537896,0,
2025-06-10 09:17:04.734878,52.47802136281327,59.839402510539486,41.97595749121344,0,
2025-06-10 09:18:04.734878,50.91757682763943,58.61159391943348,42.07543970942992,0,
2025-06-10 09:19:04.734878,50.56282512508128,60.38181790905313,39.753669608424346,0,
2025-06-10 09:20:04.734878,51.9197952683719,96.03876930327984,40.47032936027877,1,gpu
2025-06-10 09:21:04.734878,50.074156812785205,62.61166590099871,39.999971605830865,0,
2025-06-10 09:22:04.734878,53.19224096863199,59.745976300790566,40.660371953863304,0,
2025-06-10 09:23:04.734878,52.50649340634645,58.94259760146958,41.0967762669803,0,
2025-06-10 09:24:04.734878,50.824028258393675,59.71682632454492,39.986885779490365,0,
2025-06-10 09:25:04.734878,49.54610019274971,57.368162648466345,40.39212951042004,0,
2025-06-10 09:26:04.734878,52.579018740541606,57.88029849179832,40.3094072855229,0,
2025-06-10 09:27:04.734878,51.076399647845726,61.08703010156415,41.261283610068325,0,
2025-06-10 09:28:04.734878,52.394431065230044,58.24958071142778,41.13378284625729,0,
2025-06-10 09:29:04.734878,49.52774514155013,57.61289272649383,40.483696357502446,0,
2025-06-10 09:30:04.734878,50.48823926713344,59.93640056392174,41.18526384275512,0,
2025-06-10 09:31:04.734878,51.05818358014713,60.85796605263791,40.589125872544656,0,
2025-06-10 09:32:04.734878,51.06513082528523,60.105655313278326,40.791751027499394,0,
2025-06-10 09:33:04.734878,50.53318053422735,60.46894053726861,42.33038467509213,0,
2025-06-10 09:34:04.734878,51.57107779986091,57.78714916841593,42.046482775188984,0,
2025-06-10 09:35:04.734878,49.84547605425323,56.73692872534097,39.91688325227584,0,
2025-06-10 09:36:04.734878,50.73547303790344,61.06877926232033,41.602712195765704,0,
2025-06-10 09:37:04.734878,50.96279228808624,58.27972522629831,41.57036557178045,0,
2025-06-10 09:38:04.734878,51.32146839116815,58.334294810981525,39.984904147552605,0,
2025-06-10 09:39:04.734878,51.48306677846122,60.64946906333209,41.54074806519006,0,
2025-06-10 09:40:04.734878,49.61112227167259,59.43799155936668,42.09822771648527,0,
2025-06-10 09:41:04.734878,49.16585345522741,59.23378309706696,39.95194796798598,0,
2025-06-10 09:42:04.734878,51.94173919114684,61.743597071224116,40.098028927812756,0,
2025-06-10 09:43:04.734878,50.96036328893028,57.476796569855814,41.62815381195015,0,
2025-06-10 09:44:04.734878,49.843442498150914,59.77965374418306,41.01316076601426,0,
2025-06-10 09:45:04.734878,52.10685430571854,58.41907318263966,41.219032185289635,0,
2025-06-10 09:46:04.734878,50.63504448741344,58.68194319797576,41.032156299680686,0,
2025-06-10 09:47:04.734878,51.66222947926296,60.517101082417504,41.05402288434208,0,
2025-06-10 09:48:04.734878,50.513908831560386,58.93133915965984,39.662017472426264,0,
2025-06-10 09:49:04.734878,52.47049263856193,58.922061189094364,41.54272652213713,0,
2025-06-10 09:50:04.734878,84.78034405985785,59.668255131167065,41.62217003567634,1,cpu
2025-06-10 09:51:04.734878,50.08718101067704,57.45678864441985,40.48455998432364,0,
2025-06-10 09:52:04.734878,51.270763593286404,56.689974462489566,40.61481476131493,0,
2025-06-10 09:53:04.734878,50.90751518610384,56.3259950637465,39.40618361621477,0,
2025-06-10 09:54:04.734878,51.59361720469183,54.887943586675235,41.02389662839401,0,
2025-06-10 09:55:04.734878,49.222809121025115,60.86590956731831,41.05151224417392,0,
2025-06-10 09:56:04.734878,50.83643220909898,56.07075857506829,40.52543756095083,0,
2025-06-10 09:57:04.734878,51.17135534762011,57.33751585577713,41.45594811828166,0,
2025-06-10 09:58:04.734878,48.31664414318392,57.19785549457718,40.27043003001957,0,
2025-06-10 09:59:04.734878,48.85448125778949,58.01771970239655,40.97055462594251,0,
2025-06-10 10:00:04.734878,47.9607678222399,58.72360581880895,39.68426852904631,0,
2025-06-10 10:01:04.734878,49.69275820230752,58.73395778766774,40.46224079767665,0,
2025-06-10 10:02:04.734878,50.641777856830636,56.5117372436986,40.32263439419506,0,
2025-06-10 10:03:04.734878,51.38856946706558,57.07863605177471,40.62335254511753,0,
2025-06-10 10:04:04.734878,49.92219098288315,57.696014229427504,40.128426558164996,0,
2025-06-10 10:05:04.734878,51.43850323476517,56.84179484451549,40.2997657680596,0,
2025-06-10 10:06:04.734878,48.3914861443812,59.56839976792412,41.04663153845125,0,
2025-06-10 10:07:04.734878,48.02981423249328,57.83625743523003,40.01718694613364,0,
2025-06-10 10:08:04.734878,49.63916792896229,58.144390120863086,39.062096133338514,0,
2025-06-10 10:09:04.734878,50.040210652190424,57.97853970787779,41.727739724989895,0,
2025-06-10 10:10:04.734878,49.58479138425624,58.68643998475349,41.413906329127556,0,
2025-06-10 10:11:04.734878,47.511297051129695,57.139641064809915,39.255559419500294,0,
2025-06-10 10:12:04.734878,49.45078495788268,54.86460957415943,40.82171874289389,0,
2025-06-10 10:13:04.734878,48.19651490986951,57.35100854319049,39.8481123887461,0,
2025-06-10 10:14:04.734878,50.13165067992813,96.5900648219225,40.44177883781389,1,gpu
2025-06-10 10:15:04.734878,49.789485148286865,55.841405330660386,40.4468227543058,0,
2025-06-10 10:16:04.734878,48.443831681563424,57.4551132299688,40.00432949369233,0,
2025-06-10 10:17:04.734878,48.83058565670748,58.37410346821672,39.54521375455297,0,
2025-06-10 10:18:04.734878,48.24589744619401,56.489573817228525,39.600122642188474,0,
2025-06-10 10:19:04.734878,49.20300830174141,56.861780617420315,39.399890167122294,0,
2025-06-10 10:20:04.734878,50.18132493790823,58.89259634306335,39.44763354211914,0,
2025-06-10 10:21:04.734878,48.20087132903873,56.641025832294275,40.03955605564765,0,
2025-06-10 10:22:04.734878,49.650978942080236,60.12292331111418,39.500858221992594,0,
2025-06-10 10:23:04.734878,48.57693090776233,57.00904725764948,40.599235915637486,0,
2025-06-10 10:24:04.734878,48.27449359849565,53.45990550740327,41.22348013964774,0,
2025-06-10 10:25:04.734878,48.92043653863281,57.17121277953786,39.54969085619766,0,
2025-06-10 10:26:04.734878,47.95224836683309,56.55297361120286,40.18526894505454,0,
2025-06-10 10:27:04.734878,48.393789258495495,57.85578697688813,40.37346737016368,0,
2025-06-10 10:28:04.734878,47.709433392303886,56.87073895424405,40.33125745918179,0,
2025-06-10 10:29:04.734878,50.8318347492846,55.592980448576654,39.994319022516976,0,
2025-06-10 10:30:04.734878,48.86209787562263,53.9038041310423,40.50756309651323,0,
2025-06-10 10:31:04.734878,48.08676066553175,55.366194374357455,40.27904224890669,0,
2025-06-10 10:32:04.734878,48.960045844893344,54.34331821992474,38.88290302921772,0,
2025-06-10 10:33:04.734878,48.593246325407534,54.68757638794047,40.5481120390606,0,
2025-06-10 10:34:04.734878,48.44404266770976,56.38038600749538,40.54233880343488,0,
2025-06-10 10:35:04.734878,49.238547082880444,57.94142733078264,39.20156130807565,0,
2025-06-10 10:36:04.734878,49.34118720550031,55.96752653791398,39.82219001608459,0,
2025-06-10 10:37:04.734878,84.550783154437,53.52054097691297,40.31811838423744,1,cpu
2025-06-10 10:38:04.734878,47.926255571949994,55.92001472122222,39.583585850633845,0,
2025-06-10 10:39:04.734878,48.186118873623286,56.98670308613088,40.58896772360028,0,
2025-06-10 10:40:04.734878,46.118280268521104,54.21562779340596,41.601198712323836,0,
2025-06-10 10:41:04.734878,46.86397611783472,54.86772502004053,39.06079476390865,0,
2025-06-10 10:42:04.734878,49.70494285978223,55.029135180600356,38.564198613645836,0,
2025-06-10 10:43:04.734878,49.94187416612915,53.76801220931846,39.89150810279784,0,
2025-06-10 10:44:04.734878,48.006645505015186,55.85594296762314,40.2050907763867,0,
2025-06-10 10:45:04.734878,48.79095161608738,54.64016975663576,39.422504227439994,0,
2025-06-10 10:46:04.734878,48.48429671859446,55.38886851193692,40.749131812682286,0,
2025-06-10 10:47:04.734878,51.210518873292735,53.36621883055309,38.49493439264015,0,
2025-06-10 10:48:04.734878,49.20974485518405,53.9790674651391,40.099419870300025,0,
2025-06-10 10:49:04.734878,47.92072539879934,55.656536522161815,39.039632838532945,0,
2025-06-10 10:50:04.734878,47.05151755444231,53.95133726442645,40.8790313224872,0,
2025-06-10 10:51:04.734878,46.35896942949813,57.03856940148368,41.076720157412346,0,
2025-06-10 10:52:04.734878,48.12718068309459,53.78612129241915,38.848533253387004,0,
2025-06-10 10:53:04.734878,47.12561193605659,54.65997111063917,39.00133563194358,0,
2025-06-10 10:54:04.734878,46.41789973744155,55.65911641836848,40.10774703310346,0,
2025-06-10 10:55:04.734878,47.1517172560674,52.069886611065336,39.089440550323346,0,
2025-06-10 10:56:04.734878,46.674825554555596,51.493347119283825,39.341857804739206,0,
2025-06-10 10:57:04.734878,49.40154613372331,51.78312227612098,39.3775129857593,0,
2025-06-10 10:58:04.734878,48.55402351773202,55.90245179631463,37.800453355433156,0,
2025-06-10 10:59:04.734878,47.622339503263134,53.117680998030956,39.304085875414486,0,
2025-06-10 11:00:04.734878,49.06813458991524,57.71958460504019,38.74231300626127,0,
2025-06-10 11:01:04.734878,47.623387789702896,52.97265782509683,38.878511483107815,0,
2025-06-10 11:02:04.734878,46.64251583921616,54.03252701561218,40.40680562304726,0,
2025-06-10 11:03:04.734878,48.98465700755959,56.00546432428671,38.22556094972156,0,
2025-06-10 11:04:04.734878,47.958128999681335,56.6379677662337,39.860173627396726,0,
2025-06-10 11:05:04.734878,46.339612768935275,56.65754374984719,38.96525911736542,0,
2025-06-10 11:06:04.734878,47.14411496047545,55.314229803728296,38.94341868448286,0,
2025-06-10 11:07:04.734878,46.416385655839385,54.974099652553406,39.77829947145344,0,
2025-06-10 11:08:04.734878,45.86671081247432,54.26305623895975,39.39679630737444,0,
2025-06-10 11:09:04.734878,48.13315189774666,54.47800313957247,39.55997757288313,0,
2025-06-10 11:10:04.734878,49.07381277985115,95.71621152205746,39.856745798116805,1,gpu
2025-06-10 11:11:04.734878,45.72320914774532,51.955366757213234,38.79584165423557,0,
2025-06-10 11:12:04.734878,47.642086144868166,53.11361367614996,38.5497690664826,0,
2025-06-10 11:13:04.734878,46.38577494227995,52.79934933331527,38.15008833445465,0,
2025-06-10 11:14:04.734878,46.506553960407274,52.310676942267044,38.336511248102816,0,
2025-06-10 11:15:04.734878,46.35850929592242,53.970936001427,41.33472715032762,0,
2025-06-10 11:16:04.734878,46.04409918408563,54.29509274350394,68.86288216455718,1,mb
2025-06-10 11:17:04.734878,46.91376198803218,52.93047086956879,37.85176068707725,0,
2025-06-10 11:18:04.734878,45.99140513851044,98.9912940859047,37.853211262065884,1,gpu
2025-06-10 11:19:04.734878,47.04989228051826,50.95661951090737,39.275210576744,0,
2025-06-10 11:20:04.734878,46.68624366722017,52.31423347608438,39.30605272623703,0,
2025-06-10 11:21:04.734878,46.454546991623836,51.465009076831166,39.28585458749902,0,
2025-06-10 11:22:04.734878,45.74291239656518,49.67590916230057,38.621273394460424,0,
2025-06-10 11:23:04.734878,46.03065432546993,52.28711745529335,38.70334942001681,0,
2025-06-10 11:24:04.734878,47.319735876228066,52.16389571302854,39.044475944528635,0,
2025-06-10 11:25:04.734878,47.02215104952355,54.55202540771195,38.82933133598425,0,
2025-06-10 11:26:04.734878,45.50053886649756,53.163358693776324,36.96360675745002,0,
2025-06-10 11:27:04.734878,46.53425852534102,50.61610909337388,38.53362340549574,0,
2025-06-10 11:28:04.734878,47.14311813297245,54.86873536390226,38.01474035739207,0,
2025-06-10 11:29:04.734878,44.67910402161586,53.85431449739388,38.814423786495425,0,
2025-06-10 11:30:04.734878,46.84862211458045,52.831039438503694,41.04083816318298,0,
2025-06-10 11:31:04.734878,45.59936593241245,51.55325838876269,38.92498017805859,0,
2025-06-10 11:32:04.734878,46.78929210264463,50.38888129599199,38.35852296808782,0,
2025-06-10 11:33:04.734878,45.41211481803586,51.20475079776099,39.32512818887099,0,
2025-06-10 11:34:04.734878,44.32715003701455,53.331171136074886,38.95216637860691,0,
2025-06-10 11:35:04.734878,44.46112631063648,54.459882581681384,38.8804099666213,0,
2025-06-10 11:36:04.734878,46.09336957933792,53.88279224142309,39.00812279091081,0,
2025-06-10 11:37:04.734878,46.26160311784225,50.76954679150173,40.14617515992401,0,
2025-06-10 11:38:04.734878,45.054140900097835,49.75826013786984,37.574518014340384,0,
2025-06-10 11:39:04.734878,46.5536086454114,51.58385365031784,38.83641375476618,0,
2025-06-10 11:40:04.734878,44.21003736520762,48.6546770928706,37.69467380975306,0,
2025-06-10 11:41:04.734878,45.76200227647473,51.72687468396024,38.85845115463482,0,
2025-06-10 11:42:04.734878,44.573574757516,50.95548255646967,37.65734626945035,0,
2025-06-10 11:43:04.734878,45.089248794151835,50.412572600128634,38.03664900009293,0,
2025-06-10 11:44:04.734878,45.74496340875767,48.65429250526169,38.1127104373303,0,
2025-06-10 11:45:04.734878,44.79361792701748,51.75144709830672,39.10766902162648,0,
2025-06-10 11:46:04.734878,45.22592985111874,50.116676833529986,39.04000625282822,0,
2025-06-10 11:47:04.734878,46.573220684848216,97.88667636470375,37.286890036659784,1,gpu
2025-06-10 11:48:04.734878,44.94646769290629,46.47664602372169,38.3056270700146,0,
2025-06-10 11:49:04.734878,46.31547339727857,50.6783995702442,37.672226758807376,0,
2025-06-10 11:50:04.734878,44.30648701899574,53.312668205484655,37.21129300828642,0,
2025-06-10 11:51:04.734878,45.922402335505964,53.08078605820783,38.022685438455845,0,
2025-06-10 11:52:04.734878,46.79056358768291,49.83784806565811,37.92771125274785,0,
2025-06-10 11:53:04.734878,42.83374063197093,49.55475960760467,40.09406575512553,0,
2025-06-10 11:54:04.734878,44.464874227608256,51.095815608730625,38.47725260182792,0,
2025-06-10 11:55:04.734878,82.74126748981153,48.82964511673598,37.00698042456942,1,cpu
2025-06-10 11:56:04.734878,44.97147867832984,50.71447394628845,37.63544282884966,0,
2025-06-10 11:57:04.734878,45.50204182908476,51.34546435114721,38.88255461420024,0,
2025-06-10 11:58:04.734878,44.483280168267925,51.97129786830207,39.71438689578781,0,
2025-06-10 11:59:04.734878,45.130222880320375,49.91521852455127,36.75302989663337,0,
2025-06-10 12:00:04.734878,44.844322764607924,49.69448937473455,36.49606049188876,0,
2025-06-10 12:01:04.734878,46.12414896881234,48.61757648059396,39.47495559387369,0,
2025-06-10 12:02:04.734878,45.167155488317476,48.62878143646461,38.268058664404855,0,
2025-06-10 12:03:04.734878,45.20670670636176,49.46393772857754,37.239917836642185,0,
2025-06-10 12:04:04.734878,44.4135989695047,50.28926216366502,38.340441236711534,0,
2025-06-10 12:05:04.734878,44.2942449255819,51.04315366383146,35.78232738361369,0,
2025-06-10 12:06:04.734878,44.30567232910165,48.402577349361394,37.87181566373837,0,
2025-06-10 12:07:04.734878,45.089067010280075,51.78095515529195,38.10956437222536,0,
2025-06-10 12:08:04.734878,44.23002055215473,49.069822147898634,38.56491862811776,0,
2025-06-10 12:09:04.734878,44.89717669930573,49.37905182209132,36.99258415937063,0,
2025-06-10 12:10:04.734878,46.63920692499208,48.22489167079823,37.85045279229601,0,
2025-06-10 12:11:04.734878,45.391343418218256,45.643967681770434,37.01976965654561,0,
2025-06-10 12:12:04.734878,44.15061690540273,50.541028750897425,37.942627223324735,0,
2025-06-10 12:13:04.734878,45.63428604653018,50.25487403218799,37.0002590042927,0,
2025-06-10 12:14:04.734878,43.981439231629885,48.66228057129983,37.36827663099754,0,
2025-06-10 12:15:04.734878,42.30784417252072,49.119439137385164,36.876332038017104,0,
2025-06-10 12:16:04.734878,43.294348951641346,49.72756172039428,38.1721266247383,0,
2025-06-10 12:17:04.734878,42.388123177020155,46.5445538617392,38.316218442348344,0,
2025-06-10 12:18:04.734878,43.86389555868025,48.02953454806289,37.420008065394846,0,
2025-06-10 12:19:04.734878,44.190336304067515,49.94927390674968,37.616549358407,0,
2025-06-10 12:20:04.734878,45.8048798847987,46.81122972403126,36.40534815455488,0,
2025-06-10 12:21:04.734878,44.411911187130144,49.067812618298916,37.30275058827756,0,
2025-06-10 12:22:04.734878,43.8224419459889,46.52744100526154,37.48060754376549,0,
2025-06-10 12:23:04.734878,44.82752496506272,49.196824049469136,39.59569416476359,0,
2025-06-10 12:24:04.734878,41.74358005831558,48.37861082753897,36.5877840630424,0,
2025-06-10 12:25:04.734878,44.14694580958892,45.944299153362266,38.627007416742124,0,
2025-06-10 12:26:04.734878,44.6388330562079,50.04906082516715,38.23147094993311,0,
2025-06-10 12:27:04.734878,42.34603977964178,47.13505167293536,37.63682213630292,0,
2025-06-10 12:28:04.734878,44.92506060915545,46.95658119340121,38.79754967033037,0,
2025-06-10 12:29:04.734878,44.076506716136116,48.407869258808965,37.666689532406345,0,
2025-06-10 12:30:04.734878,43.27945016389869,49.765063140842294,37.658696395434085,0,
2025-06-10 12:31:04.734878,44.28427256336906,46.453503317426566,37.28324882621735,0,
2025-06-10 12:32:04.734878,45.878961848203744,48.00492326037097,38.282989601134574,0,
2025-06-10 12:33:04.734878,43.7469400351467,48.490835420628166,38.15971227709281,0,
2025-06-10 12:34:04.734878,43.770126475004226,48.82251724395056,36.76041111435498,0,
2025-06-10 12:35:04.734878,43.01940523856059,47.98281154006709,36.1839853133714,0,
2025-06-10 12:36:04.734878,42.585810980132905,47.102941265771555,37.05544316488232,0,
2025-06-10 12:37:04.734878,44.22291016050599,46.34747618496953,36.55625632046275,0,
2025-06-10 12:38:04.734878,42.493440115484354,47.6535017366594,37.12394231100433,0,
2025-06-10 12:39:04.734878,43.378071198729145,45.85154892428622,38.14320298850219,0,
2025-06-10 12:40:04.734878,42.78586077656558,43.013251609754136,36.76591778759592,0,
2025-06-10 12:41:04.734878,43.699544371007974,47.98568652412888,37.07602356758153,0,
2025-06-10 12:42:04.734878,43.51130685036547,48.622369379247075,37.13524056038598,0,
2025-06-10 12:43:04.734878,44.17229958417056,43.657740806556234,37.74612452572056,0,
2025-06-10 12:44:04.734878,42.58189364737981,45.623269012286926,35.2484435559296,0,
2025-06-10 12:45:04.734878,42.77922184454534,48.00237656126587,36.53918815410712,0,
2025-06-10 12:46:04.734878,42.02755694004572,50.09572418830959,37.17218728173759,0,
2025-06-10 12:47:04.734878,42.51928922852212,46.97656429441045,37.9418544094406,0,
2025-06-10 12:48:04.734878,43.29818358486726,45.78932022588991,36.566919587906234,0,
2025-06-10 12:49:04.734878,43.63521189508089,46.542990255996045,35.43786947438427,0,
2025-06-10 12:50:04.734878,41.91343853644135,48.81572041965074,37.413571087082396,0,
2025-06-10 12:51:04.734878,43.66263156989066,45.720592205990684,36.388222913831996,0,
2025-06-10 12:52:04.734878,44.10612731536631,45.42694617486664,35.92351140100839,0,
2025-06-10 12:53:04.734878,43.12143099399957,45.83787885289074,36.354521733617354,0,
2025-06-10 12:54:04.734878,44.54234217399901,45.06832662977335,36.685152894595795,0,
2025-06-10 12:55:04.734878,41.849351877634696,46.618717089099604,36.32777480673857,0,
2025-06-10 12:56:04.734878,41.336126340691905,48.80818925370933,35.02593767632241,0,
2025-06-10 12:57:04.734878,40.759746820805795,46.79231951423915,37.48688649236475,0,
2025-06-10 12:58:04.734878,43.992244270944774,45.86576968599395,37.768000012750775,0,
2025-06-10 12:59:04.734878,43.10834617429879,45.74325387354377,37.24820785204397,0,
2025-06-10 13:00:04.734878,42.35622487806434,43.77292811041721,35.79575623814755,0,
2025-06-10 13:01:04.734878,42.649656481740074,47.37919644885112,36.52365070055211,0,
2025-06-10 13:02:04.734878,41.20212719191906,45.87466856330695,36.65859106742515,0,
2025-06-10 13:03:04.734878,44.73134748096609,45.657673381637956,37.12183326232416,0,
2025-06-10 13:04:04.734878,42.37284762380524,50.65510101451231,37.15648561188947,0,
2025-06-10 13:05:04.734878,42.31110465429498,46.25069415208365,36.01351589082225,0,
2025-06-10 13:06:04.734878,42.88561317685947,44.61208325429839,36.64551972161124,0,
2025-06-10 13:07:04.734878,42.599046550395826,45.03751958368035,36.92484298302175,0,
2025-06-10 13:08:04.734878,42.30016697705176,47.33709299295408,37.70279933410373,0,
2025-06-10 13:09:04.734878,41.24410979479897,45.72178199117308,37.08089735698193,0,
2025-06-10 13:10:04.734878,42.46441036209327,43.331996039959854,37.12771635237905,0,
2025-06-10 13:11:04.734878,43.833381506194925,46.80587891644264,36.54273980720343,0,
2025-06-10 13:12:04.734878,43.2552501024055,44.362528956067294,37.583282344288065,0,
2025-06-10 13:13:04.734878,43.4615485618019,48.11248956707007,36.76199120434885,0,
2025-06-10 13:14:04.734878,41.315737759517894,46.860502252495586,35.724606389835685,0,
2025-06-10 13:15:04.734878,40.796000526709804,44.50742517696445,37.515498649584345,0,
2025-06-10 13:16:04.734878,41.618531535328785,47.038002225745316,36.93048184574543,0,
2025-06-10 13:17:04.734878,41.75881845966082,45.15642358684929,35.997111556783274,0,
2025-06-10 13:18:04.734878,42.756122926133244,46.27205762417676,35.94737132991175,0,
2025-06-10 13:19:04.734878,39.92836819025191,45.658348455891804,36.54767684609597,0,
2025-06-10 13:20:04.734878,43.109348886203925,43.600162867628654,36.66044711958572,0,
2025-06-10 13:21:04.734878,41.38082153064608,43.84291939536141,36.427248527117506,0,
2025-06-10 13:22:04.734878,41.071045117457906,46.29183050747973,36.49801003245697,0,
2025-06-10 13:23:04.734878,40.44498524476268,44.18347143187445,37.588510709672526,0,
2025-06-10 13:24:04.734878,39.76146383268122,44.0190080619575,37.06539477406141,0,
2025-06-10 13:25:04.734878,42.19879020112489,43.13074555672044,36.34031828159351,0,
2025-06-10 13:26:04.734878,41.40830569994543,45.13788019752573,36.920542330992504,0,
2025-06-10 13:27:04.734878,40.00446472516059,47.53542581621718,35.321193689628785,0,
2025-06-10 13:28:04.734878,39.95885529377726,42.77960172737991,36.445308672877886,0,
2025-06-10 13:29:04.734878,40.877729127185546,44.356599924722644,37.55420199302433,0,
2025-06-10 13:30:04.734878,42.842187201638495,46.3780793476468,35.91214612186065,0,
2025-06-10 13:31:04.734878,40.87329903226819,44.07987348857912,35.38833804892063,0,
2025-06-10 13:32:04.734878,39.58954576198916,44.8175907670355,35.52467324667918,0,
2025-06-10 13:33:04.734878,40.80681837207138,42.48525186201567,35.154574288204756,0,
2025-06-10 13:34:04.734878,40.73978574099987,44.66122461193279,35.37844512887161,0,
2025-06-10 13:35:04.734878,38.27564645847106,43.67808325461212,35.689860071834296,0,
2025-06-10 13:36:04.734878,40.878338702724186,45.37754534738279,34.841863169278085,0,
2025-06-10 13:37:04.734878,40.66187694365655,45.62029628814497,35.958900404092304,0,
2025-06-10 13:38:04.734878,41.549273938251034,47.66394682318433,36.64835552574812,0,
2025-06-10 13:39:04.734878,42.66235871957107,44.58955369675895,35.18049636819533,0,
2025-06-10 13:40:04.734878,41.900382412140765,44.14942054876276,37.10233583020992,0,
2025-06-10 13:41:04.734878,40.46542391043059,43.89304535384413,36.275789971314786,0,
2025-06-10 13:42:04.734878,39.58836312317538,43.012584108659546,36.67190898445777,0,
2025-06-10 13:43:04.734878,43.22890722920569,43.99104690412629,35.301506069896206,0,
2025-06-10 13:44:04.734878,40.67550696612372,42.981330682955296,36.4917644477079,0,
2025-06-10 13:45:04.734878,40.591042389722936,43.618361111119405,34.91500942858874,0,
2025-06-10 13:46:04.734878,40.513896781791914,45.283429106764814,36.481208935120165,0,
2025-06-10 13:47:04.734878,40.697100350393505,41.73870953651902,35.88697926664765,0,
2025-06-10 13:48:04.734878,40.3157345906806,44.89996034560038,36.172648477290096,0,
2025-06-10 13:49:04.734878,39.8475988419502,45.107563874255455,34.770154739915334,0,
2025-06-10 13:50:04.734878,39.83565492640927,42.896668010987874,34.97520106000355,0,
2025-06-10 13:51:04.734878,40.311101526532894,39.83299984661044,36.14970997297715,0,
2025-06-10 13:52:04.734878,39.76185960100733,42.04619357756999,34.89396378269119,0,
2025-06-10 13:53:04.734878,39.553957545474404,44.84569681206901,36.00396669775508,0,
2025-06-10 13:54:04.734878,40.33484262509581,42.80831650265755,34.52049595353376,0,
2025-06-10 13:55:04.734878,39.93513509338526,41.28621511776682,36.2735955255364,0,
2025-06-10 13:56:04.734878,41.655896786119314,41.970693314462615,34.58993324695351,0,
2025-06-10 13:57:04.734878,37.462817776637436,43.931611417302506,35.99873374265884,0,
2025-06-10 13:58:04.734878,41.16727125088779,43.43374695075006,36.03838694639947,0,
2025-06-10 13:59:04.734878,41.28392015574555,42.19835429611734,34.9615000268803,0,
2025-06-10 14:00:04.734878,37.92660976759185,41.94976338227797,35.965621253667784,0,
2025-06-10 14:01:04.734878,39.619572635464394,41.85575312075137,35.68948392543921,0,
2025-06-10 14:02:04.734878,39.55317550439716,41.003309278841684,35.03123470024229,0,
2025-06-10 14:03:04.734878,38.479557444511656,44.753667243048376,34.63669082235378,0,
2025-06-10 14:04:04.734878,39.07180256330858,41.79094817253218,33.85470907211166,0,
2025-06-10 14:05:04.734878,38.70169157292895,44.04413890883042,35.68585374703714,0,
2025-06-10 14:06:04.734878,41.52728479626414,44.44449560714445,34.13566495933061,0,
2025-06-10 14:07:04.734878,40.67353915662877,43.60425749244389,35.4452057412937,0,
2025-06-10 14:08:04.734878,40.97236245266211,41.40378056742485,35.13964510596818,0,
2025-06-10 14:09:04.734878,40.385526904887115,42.601377396770744,35.8752416407725,0,
2025-06-10 14:10:04.734878,38.497952145314535,41.90421246521127,35.07186555867399,0,
2025-06-10 14:11:04.734878,39.065735020040286,40.5298301383849,35.031569414082355,0,
2025-06-10 14:12:04.734878,40.04298421107765,42.316953397357,35.862301388355505,0,
2025-06-10 14:13:04.734878,38.29493989590892,40.00704187046159,35.526580275667726,0,
2025-06-10 14:14:04.734878,40.19362857705181,43.50246430301147,35.49323983918593,0,
2025-06-10 14:15:04.734878,39.203972271645846,40.96952055875838,35.597562906748806,0,
2025-06-10 14:16:04.734878,39.033250157742934,41.91384593174806,33.975577784080585,0,
2025-06-10 14:17:04.734878,40.082910691252806,41.98285789189318,60.837249378453485,1,mb
2025-06-10 14:18:04.734878,39.78020094223771,41.115548985571394,35.65794385058672,0,
2025-06-10 14:19:04.734878,38.939066208217895,42.33008926326836,34.336669684157286,0,
2025-06-10 14:20:04.734878,40.423565439853796,40.68399796980052,34.93685343930541,0,
2025-06-10 14:21:04.734878,38.14748477202777,93.65675623581859,35.08282821971172,1,gpu
2025-06-10 14:22:04.734878,39.80890604983487,39.27048614396578,34.988887793923915,0,
2025-06-10 14:23:04.734878,39.75060460159404,41.42582438475811,35.345839645067656,0,
2025-06-10 14:24:04.734878,38.81260103776128,44.09161471420033,36.206167164002586,0,
2025-06-10 14:25:04.734878,39.4130365386063,39.62985828763791,35.90886514032035,0,
2025-06-10 14:26:04.734878,37.80065855610129,40.06104074294261,33.97611071149817,0,
2025-06-10 14:27:04.734878,39.94078101350031,41.795992765928496,35.50603298939154,0,
2025-06-10 14:28:04.734878,38.796947632036535,41.24214732562868,36.05407153986809,0,
2025-06-10 14:29:04.734878,38.42433709905202,41.446535328266926,35.282976876336896,0,
2025-06-10 14:30:04.734878,39.96139493574969,41.602359260090694,35.828977195105175,0,
2025-06-10 14:31:04.734878,38.17348350911275,41.76882300232592,36.54872995638837,0,
2025-06-10 14:32:04.734878,37.43492395037986,42.42962763304947,35.7406602602573,0,
2025-06-10 14:33:04.734878,37.25243133337776,41.328318745745264,35.103977129964214,0,
2025-06-10 14:34:04.734878,39.38086358496945,40.300393968507905,35.7234975960797,0,
2025-06-10 14:35:04.734878,37.46033592566313,41.62000846904322,34.98629290555722,0,
2025-06-10 14:36:04.734878,40.461590271485996,43.410017036595264,63.874512959225385,1,mb
2025-06-10 14:37:04.734878,36.591017306491125,40.31046945198841,34.55534196861644,0,
2025-06-10 14:38:04.734878,40.335674165512394,38.99703273882758,36.07033958567686,0,
2025-06-10 14:39:04.734878,38.81662744739677,42.069035974221684,34.14806205734347,0,
2025-06-10 14:40:04.734878,38.47541079126422,40.177614108771515,36.011956131309795,0,
2025-06-10 14:41:04.734878,37.99384111676141,37.049135986334484,35.169271400777475,0,
2025-06-10 14:42:04.734878,38.904655631050225,41.529411790772876,33.63331481850753,0,
2025-06-10 14:43:04.734878,38.43476777294793,39.405611434128275,35.030320672079526,0,
2025-06-10 14:44:04.734878,39.54271159211145,40.02331464168615,33.039683648926164,0,
2025-06-10 14:45:04.734878,38.52076949766135,40.60778326935249,35.203677337964486,0,
2025-06-10 14:46:04.734878,38.5241012793045,40.34644879643254,35.395084945312504,0,
2025-06-10 14:47:04.734878,37.97757112777779,41.07595273569604,34.19670690547419,0,
2025-06-10 14:48:04.734878,38.251748312690346,39.309811348762366,34.75318512497017,0,
2025-06-10 14:49:04.734878,38.58413369454538,40.684156585744105,36.20149190982689,0,
2025-06-10 14:50:04.734878,36.53392953118677,39.47682686938922,34.21745159851215,0,
2025-06-10 14:51:04.734878,36.863807122564864,40.926204538337124,33.75887020269001,0,
2025-06-10 14:52:04.734878,38.92328049339773,40.693075825082104,35.77533892165759,0,
2025-06-10 14:53:04.734878,38.31903553486435,38.319097092037715,66.63027203723148,1,mb
2025-06-10 14:54:04.734878,37.932470906709774,41.303654538856236,34.56118365900951,0,
2025-06-10 14:55:04.734878,38.1033033752427,38.82335899559489,35.35160514941534,0,
2025-06-10 14:56:04.734878,38.4009980007717,40.79221114053676,35.59988888012972,0,
2025-06-10 14:57:04.734878,37.48233572127384,40.08407407247681,33.917060314760896,0,
2025-06-10 14:58:04.734878,37.212602631599175,42.243636550694916,34.107209010206454,0,
2025-06-10 14:59:04.734878,38.155698010537996,39.1045801596027,35.46462598824395,0,
2025-06-10 15:00:04.734878,36.950559410519496,38.86942308802449,35.81247751703407,0,
2025-06-10 15:01:04.734878,38.306398999481615,39.318089956819115,34.899377810023054,0,
2025-06-10 15:02:04.734878,36.16491190422035,38.84647358843586,33.72989627142745,0,
2025-06-10 15:03:04.734878,38.8661362030791,40.45538370154326,36.008139172236284,0,
2025-06-10 15:04:04.734878,38.27919947902654,36.785437082265354,33.97852428005717,0,
2025-06-10 15:05:04.734878,38.032390113716325,37.58401694038413,34.12006996476406,0,
2025-06-10 15:06:04.734878,38.72894727382264,37.517680052446906,34.64699841253026,0,
2025-06-10 15:07:04.734878,80.3384676755802,40.49989683972436,35.60147348715982,1,cpu
2025-06-10 15:08:04.734878,38.700833048826425,41.59561453458534,35.02641227314593,0,
2025-06-10 15:09:04.734878,35.8159006743115,38.82848853065851,34.6602798531111,0,
2025-06-10 15:10:04.734878,36.34764966516306,38.68760736306312,34.684244140043866,0,
2025-06-10 15:11:04.734878,36.973000147436004,39.001806332367295,66.20371252123721,1,mb
2025-06-10 15:12:04.734878,37.59464279543689,40.59564507175138,34.73078748422783,0,
2025-06-10 15:13:04.734878,38.05708526985214,37.41810967278865,63.84732576507445,1,mb
2025-06-10 15:14:04.734878,36.78469897895652,39.12321766226715,34.017935428799156,0,
2025-06-10 15:15:04.734878,37.668368689687306,40.185199332488985,34.43385851053854,0,
2025-06-10 15:16:04.734878,36.69752126541896,39.4309975515682,60.492209145407614,1,mb
2025-06-10 15:17:04.734878,86.87777843280523,38.920897659137374,34.521233732329,1,cpu
2025-06-10 15:18:04.734878,35.98927924715147,40.09547965485025,34.03439319521095,0,
2025-06-10 15:19:04.734878,36.444442056063814,34.49666451376322,35.58821820973975,0,
2025-06-10 15:20:04.734878,35.987870963193885,39.52614633251169,35.428193564577,0,
2025-06-10 15:21:04.734878,36.33570842628808,37.48625899420698,33.78314638433817,0,
2025-06-10 15:22:04.734878,38.337395962730646,35.67968190389952,34.021206913808044,0,
2025-06-10 15:23:04.734878,36.306674670346204,39.15091423805469,34.06887872710236,0,
2025-06-10 15:24:04.734878,39.86092245026769,40.40329839588987,33.75294261178745,0,
2025-06-10 15:25:04.734878,37.69447306995207,38.09555998166523,34.25659757175809,0,
2025-06-10 15:26:04.734878,37.358754555170734,39.6901894680182,33.48033356062786,0,
2025-06-10 15:27:04.734878,36.28847291101133,40.63866342377179,33.168923077646255,0,
2025-06-10 15:28:04.734878,37.82020234334177,40.152210376275235,34.55811521108661,0,
2025-06-10 15:29:04.734878,36.517466436323794,40.59960318789944,34.55017579865823,0,
2025-06-10 15:30:04.734878,37.18847641173301,39.212891132239314,33.38978069081583,0,
2025-06-10 15:31:04.734878,39.60006451292257,38.173120420333056,34.73627433193697,0,
2025-06-10 15:32:04.734878,36.91758499980242,35.61751863144485,33.50156026643127,0,
2025-06-10 15:33:04.734878,38.13673519937507,37.61209907743917,65.73850597975027,1,mb
2025-06-10 15:34:04.734878,36.258254968701934,36.677277197767445,34.63699090700388,0,
2025-06-10 15:35:04.734878,36.900565466828205,41.15974501223448,33.940886926899616,0,
2025-06-10 15:36:04.734878,38.68063069188604,37.60091636572729,34.31870775783817,0,
2025-06-10 15:37:04.734878,36.25729312256212,38.01119748070155,33.52898637506488,0,
2025-06-10 15:38:04.734878,38.67129337443374,38.615495288715906,33.772249141475925,0,
2025-06-10 15:39:04.734878,37.54133638383869,37.8157803421335,33.75210467948733,0,
2025-06-10 15:40:04.734878,84.91131438100172,40.25529589631126,33.30697710132285,1,cpu
2025-06-10 15:41:04.734878,37.415938359633884,36.741321888265865,33.750345979796556,0,
2025-06-10 15:42:04.734878,37.73129256340657,37.930018353525625,32.64047441779892,0,
2025-06-10 15:43:04.734878,37.35591247094531,36.4874478845451,33.474128256650374,0,
2025-06-10 15:44:04.734878,35.139399554559134,35.58440264484332,33.62691174252905,0,
2025-06-10 15:45:04.734878,35.95816670114967,36.6103021791039,33.63770813649097,0,
2025-06-10 15:46:04.734878,36.41362314377681,37.43615747341986,33.63737293296754,0,
2025-06-10 15:47:04.734878,36.56270501242236,36.81175432550773,33.7691578608731,0,
2025-06-10 15:48:04.734878,37.23396641809644,36.381310011007855,34.190200374741735,0,
2025-06-10 15:49:04.734878,36.76731087128933,35.27493861002636,34.49441859448405,0,
2025-06-10 15:50:04.734878,35.230741183161044,37.224469953863675,33.26323058945696,0,
2025-06-10 15:51:04.734878,36.92291963396623,35.05700211339391,32.80880020716882,0,
2025-06-10 15:52:04.734878,37.13010478371956,38.41936250318802,32.92612398942339,0,
2025-06-10 15:53:04.734878,37.05626819797541,37.368376254468316,33.35847653806625,0,
2025-06-10 15:54:04.734878,37.5543790820137,35.02407028549123,33.45526212397633,0,
2025-06-10 15:55:04.734878,37.284803447819435,36.71250832433101,33.1094437936773,0,
2025-06-10 15:56:04.734878,36.88750707220732,36.01425588108244,32.677270165089524,0,
2025-06-10 15:57:04.734878,36.335770173526825,37.58766559310698,33.33807128051339,0,
2025-06-10 15:58:04.734878,34.72274746206875,39.08623826241184,33.83699549388355,0,
2025-06-10 15:59:04.734878,36.79126316708863,34.22970871746545,34.15684604664648,0,
2025-06-10 16:00:04.734878,36.54743364931873,37.182158061954546,33.22393453859115,0,
2025-06-10 16:01:04.734878,36.58959069230395,93.84480242727321,33.32860766983954,1,gpu
2025-06-10 16:02:04.734878,35.0196944647807,37.95167467557721,32.90686287322266,0,
2025-06-10 16:03:04.734878,35.193983388863764,37.23235483626458,33.61236862833619,0,
2025-06-10 16:04:04.734878,37.30695578193895,35.752750395300836,32.948158556950375,0,
2025-06-10 16:05:04.734878,36.193177289068274,36.37051776088746,34.07486847205542,0,
2025-06-10 16:06:04.734878,36.893329570752975,35.62370452486528,32.17722124314288,0,
2025-06-10 16:07:04.734878,36.21941099407661,38.40064963481712,33.3078425710111,0,
2025-06-10 16:08:04.734878,36.20028021090648,36.787753580124004,33.826147907058754,0,
2025-06-10 16:09:04.734878,37.08840743134558,39.57697146668389,33.7221294257428,0,
2025-06-10 16:10:04.734878,35.61384694000041,36.60384628160474,35.719372765293286,0,
2025-06-10 16:11:04.734878,36.20594936208362,35.60213272734826,33.83475431222564,0,
2025-06-10 16:12:04.734878,35.62765946941128,34.364330548255246,32.741723701584554,0,
2025-06-10 16:13:04.734878,35.63571433845632,33.90060633444903,33.458733885273055,0,
2025-06-10 16:14:04.734878,35.74148426051111,34.19978066146139,32.10433112521671,0,
2025-06-10 16:15:04.734878,36.25340635630683,36.947598853526905,33.45115649289915,0,
2025-06-10 16:16:04.734878,35.533310915344856,37.281176840357396,32.839584922903555,0,
2025-06-10 16:17:04.734878,37.24877373234764,34.117740357112986,34.22882102383519,0,
2025-06-10 16:18:04.734878,35.07953985428189,37.803778205866266,33.04744135857427,0,
2025-06-10 16:19:04.734878,35.76857690129496,35.70858124065932,33.384311540091964,0,
2025-06-10 16:20:04.734878,35.497191071359325,36.62557271242858,32.960014791693226,0,
2025-06-10 16:21:04.734878,37.36554614610292,38.796183335006916,34.85036521235726,0,
2025-06-10 16:22:04.734878,36.09694206774614,37.69583991065015,33.193199432722956,0,
2025-06-10 16:23:04.734878,36.914224103697755,35.920773374484924,34.90723541689792,0,
2025-06-10 16:24:04.734878,34.37898505053701,34.96002979723806,34.0835941214816,0,
2025-06-10 16:25:04.734878,36.11393547467479,33.04260471121434,33.809095986271075,0,
2025-06-10 16:26:04.734878,36.7190300517722,35.165368905359514,33.709686145928394,0,
2025-06-10 16:27:04.734878,35.89437188778644,35.90143648952498,33.7210817878285,0,
2025-06-10 16:28:04.734878,36.86043184054095,34.71165790748662,31.855337669261306,0,
2025-06-10 16:29:04.734878,35.26070183319511,35.970099974304766,33.165888426327136,0,
2025-06-10 16:30:04.734878,37.17055211507272,36.257084836768854,34.05672871439103,0,
2025-06-10 16:31:04.734878,38.04349308344359,35.77960846702439,33.33317973313289,0,
2025-06-10 16:32:04.734878,35.36532289389247,35.117238310263005,32.2399288497232,0,
2025-06-10 16:33:04.734878,35.26640194987999,36.32083871487123,33.314028675178406,0,
2025-06-10 16:34:04.734878,37.149208797297455,36.70664745462374,34.71119657309427,0,
2025-06-10 16:35:04.734878,37.25949345290273,34.38428334459376,34.33747402601378,0,
2025-06-10 16:36:04.734878,35.14133570787472,38.11269217216138,33.28249466002117,0,
2025-06-10 16:37:04.734878,35.22846108604402,35.82508965628343,34.08548337321641,0,
2025-06-10 16:38:04.734878,35.351493498655515,35.97819159569131,33.02343343746357,0,
2025-06-10 16:39:04.734878,34.273636129740886,36.98945159604758,31.945946050926207,0,
2025-06-10 16:40:04.734878,34.68442184565672,36.25443488510663,32.561964105566815,0,
2025-06-10 16:41:04.734878,34.584099080684226,37.31206472202431,34.544430938524705,0,
2025-06-10 16:42:04.734878,34.80578752397409,36.291063881420065,33.067598079075665,0,
2025-06-10 16:43:04.734878,35.524424908685376,34.920008632147585,33.08484771453607,0,
2025-06-10 16:44:04.734878,35.77902897654335,36.3594766538194,33.03253656498351,0,
2025-06-10 16:45:04.734878,37.08119919786302,34.08045874659242,34.78865862418288,0,
2025-06-10 16:46:04.734878,34.518409407199215,35.9379847305718,34.55914885625865,0,
2025-06-10 16:47:04.734878,36.48733113645782,35.704668121005156,35.026528555749124,0,
2025-06-10 16:48:04.734878,35.27544599282295,35.42197696966389,33.11748125020419,0,
2025-06-10 16:49:04.734878,35.42657829391478,35.52125673819243,33.47452059278128,0,
2025-06-10 16:50:04.734878,36.13764998468434,32.87147217053014,32.018101206722235,0,
2025-06-10 16:51:04.734878,34.32707853386584,34.851613471530754,34.40644781860869,0,
2025-06-10 16:52:04.734878,35.8193621865537,35.794696012266144,32.28425257917048,0,
2025-06-10 16:53:04.734878,35.59073860016491,35.87621417592388,33.38556364698603,0,
2025-06-10 16:54:04.734878,35.904253915326215,34.076191265588164,32.32805930355276,0,
2025-06-10 16:55:04.734878,35.68867010004853,37.49781394550812,32.7286572666794,0,
2025-06-10 16:56:04.734878,37.84268318052771,34.28181228860347,32.52388157546864,0,
2025-06-10 16:57:04.734878,34.73770765121221,37.0173572539854,32.70142360919111,0,
2025-06-10 16:58:04.734878,34.83269851291195,36.186334744678184,32.7505495714377,0,
2025-06-10 16:59:04.734878,34.72898623528711,34.5588491778021,32.737448344915876,0,
2025-06-10 17:00:04.734878,34.78526461794907,38.17407894457824,33.8370379979789,0,
2025-06-10 17:01:04.734878,34.69215348355405,33.70385566865614,32.28088007098027,0,
2025-06-10 17:02:04.734878,36.50754012732648,36.85651665474338,33.335694939720554,0,
2025-06-10 17:03:04.734878,36.72819515092231,36.96240983146315,34.12821277331067,0,
2025-06-10 17:04:04.734878,34.726296443490554,34.43963379224508,32.7379642770093,0,
2025-06-10 17:05:04.734878,34.45422372876316,37.518566902897575,32.56895453833562,0,
2025-06-10 17:06:04.734878,35.74771635240964,35.03938142213642,32.953730697867414,0,
2025-06-10 17:07:04.734878,34.71398437111454,35.832351567013056,34.076883874386326,0,
2025-06-10 17:08:04.734878,35.88923116990316,35.7749317863783,33.28343578083651,0,
2025-06-10 17:09:04.734878,35.449499815766174,35.16840208016649,32.698316961771354,0,
2025-06-10 17:10:04.734878,33.72129581380344,36.57177230294067,33.50562128535076,0,
2025-06-10 17:11:04.734878,36.77519413670327,36.531766483888134,32.23201074781747,0,
2025-06-10 17:12:04.734878,37.01440166575747,32.70498802913564,33.65434960468533,0,
2025-06-10 17:13:04.734878,34.59675658466978,37.27082827704847,33.431658483738495,0,
2025-06-10 17:14:04.734878,34.81305139385572,32.80739144863404,32.854129699984746,0,
2025-06-10 17:15:04.734878,35.47801258669261,36.83704010046403,32.425204959226065,0,
2025-06-10 17:16:04.734878,35.518184955510385,36.96564995352641,32.38251934493491,0,
2025-06-10 17:17:04.734878,35.83404029541773,33.62679438879456,33.51560188044918,0,
2025-06-10 17:18:04.734878,37.177655463126804,34.63495495460881,34.06690986417148,0,
2025-06-10 17:19:04.734878,34.982645796043045,33.580832532576736,32.569950314145515,0,
2025-06-10 17:20:04.734878,34.353625225339464,34.90550215938377,33.44267059778014,0,
2025-06-10 17:21:04.734878,83.2099201804747,34.754607687850225,31.402598089827954,1,cpu
2025-06-10 17:22:04.734878,34.40621394468577,36.375206775345546,32.60087780778808,0,
2025-06-10 17:23:04.734878,35.096909361523885,37.160517620775934,33.04017102090212,0,
2025-06-10 17:24:04.734878,36.91767445756641,37.27820060725787,32.33381156343884,0,
2025-06-10 17:25:04.734878,34.59877359628623,34.33132530311614,32.30898734782952,0,
2025-06-10 17:26:04.734878,35.33362931801973,34.85092923895446,32.52069703801531,0,
2025-06-10 17:27:04.734878,35.08706323573054,32.63007190937352,33.28549724856275,0,
2025-06-10 17:28:04.734878,36.28571258603238,33.93717386913217,32.89879644156704,0,
2025-06-10 17:29:04.734878,37.6182734520048,36.58428898884296,31.255085526405608,0,
2025-06-10 17:30:04.734878,34.554682613341576,37.551701314715196,31.346215571022896,0,
2025-06-10 17:31:04.734878,34.590511060684626,33.26840244698439,32.55448310931568,0,
2025-06-10 17:32:04.734878,36.11869936065585,34.22311133665083,33.40341851063623,0,
2025-06-10 17:33:04.734878,35.751206920077045,35.064364510237716,30.836653841045184,0,
2025-06-10 17:34:04.734878,36.91098876897016,35.5166639030806,32.632356580695756,0,
2025-06-10 17:35:04.734878,35.64336480310277,33.87474964678274,32.608720023674465,0,
2025-06-10 17:36:04.734878,34.69548895553021,35.71826313617204,34.13806074572539,0,
2025-06-10 17:37:04.734878,35.640969648183194,34.364713205629954,32.71713995937515,0,
2025-06-10 17:38:04.734878,36.154741596911116,35.047378618174896,33.32941019595685,0,
2025-06-10 17:39:04.734878,88.32700680129783,35.882352458385625,33.13398107419666,1,cpu
2025-06-10 17:40:04.734878,35.54532705018985,35.06671293334022,31.31457332569551,0,
2025-06-10 17:41:04.734878,36.10101966461154,34.396938626743726,33.631738260816576,0,
2025-06-10 17:42:04.734878,36.200122253114394,34.881825288114335,33.18773053569939,0,
2025-06-10 17:43:04.734878,36.40965714004267,34.908702784699706,33.42036398624224,0,
2025-06-10 17:44:04.734878,35.6730693849914,34.481522701279445,36.15316991384994,0,
2025-06-10 17:45:04.734878,34.85429268729711,34.6439220574203,31.343415032208107,0,
2025-06-10 17:46:04.734878,35.16536570221465,94.23131169731253,34.38908332769955,1,gpu
2025-06-10 17:47:04.734878,36.22259226093487,35.86550411355163,32.77808363169297,0,
2025-06-10 17:48:04.734878,34.196768981467024,34.57733650163765,33.23671544974954,0,
2025-06-10 17:49:04.734878,35.380189444023394,36.062705809491845,32.96934827133425,0,
2025-06-10 17:50:04.734878,34.61617897185407,34.51354744163812,32.66536982537228,0,
2025-06-10 17:51:04.734878,35.03645446052759,36.77125141276911,32.547988476205376,0,
2025-06-10 17:52:04.734878,36.28454359241634,35.56360088301071,33.26665285336293,0,
2025-06-10 17:53:04.734878,35.19576315965278,34.846042921442965,31.788593088479093,0,
2025-06-10 17:54:04.734878,35.04986329840058,35.676715514082055,33.60217670913963,0,
2025-06-10 17:55:04.734878,33.64252358822099,32.64725536569861,32.66823434069225,0,
2025-06-10 17:56:04.734878,35.747776614463305,33.31213336928943,32.09670605298576,0,
2025-06-10 17:57:04.734878,35.64634090540101,33.210397576791316,32.640418075733315,0,
2025-06-10 17:58:04.734878,37.163635492663744,35.214985796182994,34.0059097581692,0,
2025-06-10 17:59:04.734878,34.69231695783966,37.59891528841662,32.57177952678335,0,
2025-06-10 18:00:04.734878,35.21915032766394,38.34695021928895,33.286762894567694,0,
2025-06-10 18:01:04.734878,35.24947887650341,35.95721944135012,32.41528257582395,0,
2025-06-10 18:02:04.734878,36.57783404912176,35.75183786645412,33.60652786461804,0,
2025-06-10 18:03:04.734878,34.905561191872984,32.29969848516079,33.54883455316213,0,
2025-06-10 18:04:04.734878,35.280544574206424,34.1882738730531,34.47964859085517,0,
2025-06-10 18:05:04.734878,35.61027623891745,33.821893965939,32.86073870820108,0,
2025-06-10 18:06:04.734878,35.19003587340079,34.07386872798996,33.53663721892854,0,
2025-06-10 18:07:04.734878,34.55823047708234,34.75478040957212,33.08078607744759,0,
2025-06-10 18:08:04.734878,35.20018172270735,34.301001728167876,34.03974329039493,0,
2025-06-10 18:09:04.734878,36.08134138745254,32.04261474082547,32.4287889087094,0,
2025-06-10 18:10:04.734878,33.98300248477037,36.136142060448435,33.60076314239254,0,
2025-06-10 18:11:04.734878,35.14448580929737,33.408159664116035,32.8500002306819,0,
2025-06-10 18:12:04.734878,34.31358383751508,35.37942727484811,32.95550178454033,0,
2025-06-10 18:13:04.734878,81.8806302385081,38.13524894626473,33.08144363477195,1,cpu
2025-06-10 18:14:04.734878,33.49546511099755,33.64890113629236,33.211118325032004,0,
2025-06-10 18:15:04.734878,34.46248892034237,31.23668486730145,32.91772214930941,0,
2025-06-10 18:16:04.734878,35.40157137246628,34.60753291328247,33.1839502952373,0,
2025-06-10 18:17:04.734878,36.59302217823948,36.692686676005565,34.27624352055232,0,
2025-06-10 18:18:04.734878,34.96507640159573,37.983761175333974,33.803773079826534,0,
2025-06-10 18:19:04.734878,34.479145448329184,33.207193070854956,33.7124961615087,0,
2025-06-10 18:20:04.734878,36.91921008852314,35.8021283634786,32.65459488872217,0,
2025-06-10 18:21:04.734878,33.59393682383714,34.36496040120999,32.30958269954403,0,
2025-06-10 18:22:04.734878,32.847232059708126,34.91013449303611,33.787259454754306,0,
2025-06-10 18:23:04.734878,35.49032926754422,39.04198724676188,33.72599484276928,0,
2025-06-10 18:24:04.734878,34.552726821964654,32.82771607688317,34.20552706375941,0,
2025-06-10 18:25:04.734878,34.03820380064609,35.46976441890706,32.54653380811302,0,
2025-06-10 18:26:04.734878,35.772637890533474,35.79796192249934,32.84850179732879,0,
2025-06-10 18:27:04.734878,35.31311614422194,36.73265263308513,31.723070385205023,0,
2025-06-10 18:28:04.734878,34.51045985285005,35.25878245558652,32.72329235694469,0,
2025-06-10 18:29:04.734878,33.79964610453196,35.58200156406043,33.83723166006499,0,
2025-06-10 18:30:04.734878,35.95800871454204,34.54085422826016,32.66957938974839,0,
2025-06-10 18:31:04.734878,35.74154220408984,35.54070195106442,33.558054349226246,0,
2025-06-10 18:32:04.734878,34.99814344880492,34.63119055563033,32.89625717149389,0,
2025-06-10 18:33:04.734878,36.95012312785096,36.087587032489026,33.31098868847889,0,
2025-06-10 18:34:04.734878,34.03975660005468,34.6103465455058,32.136767571337884,0,
2025-06-10 18:35:04.734878,33.59085972439766,35.74022793383687,33.12636000736832,0,
2025-06-10 18:36:04.734878,34.43120852416738,35.14078067054546,30.668649520303735,0,
2025-06-10 18:37:04.734878,35.08445031804218,36.88412987775477,32.91550124066926,0,
2025-06-10 18:38:04.734878,35.380483433950374,35.1286253915588,31.764193397341728,0,
2025-06-10 18:39:04.734878,34.903203351562894,32.557110411818506,34.037015317947066,0,
2025-06-10 18:40:04.734878,35.50397786639221,37.12076595588786,33.697887117150565,0,
2025-06-10 18:41:04.734878,91.40008317443147,33.88079108401171,33.45313329734142,1,cpu
2025-06-10 18:42:04.734878,36.61121552843371,34.270526878567445,34.30053044390773,0,
2025-06-10 18:43:04.734878,35.09334484435233,34.369752093052114,32.328614794712585,0,
2025-06-10 18:44:04.734878,36.30102399711149,37.337249388041265,34.48975464109413,0,
2025-06-10 18:45:04.734878,35.5348725423454,32.084709472983505,33.841826849392156,0,
2025-06-10 18:46:04.734878,35.65750617294549,40.00775223117754,32.9111322471207,0,
2025-06-10 18:47:04.734878,35.77931255538637,36.898403126330315,34.01326875532343,0,
2025-06-10 18:48:04.734878,35.66623255267926,35.662644360186654,32.22422718640166,0,
2025-06-10 18:49:04.734878,35.870411695240755,35.25919240213538,32.45423313846447,0,
2025-06-10 18:50:04.734878,36.5661924589331,35.78389100548748,32.63164818580857,0,
2025-06-10 18:51:04.734878,35.44309796461634,36.151548834941316,32.700106231006224,0,
2025-06-10 18:52:04.734878,35.96530310973616,36.35227240714655,32.28290356186562,0,
2025-06-10 18:53:04.734878,35.176471721108285,36.232717822098444,34.11157016137402,0,
2025-06-10 18:54:04.734878,36.71641801147271,35.54882221591772,32.93106687771575,0,
2025-06-10 18:55:04.734878,34.610186999808114,35.13386132234009,33.4252936256192,0,
2025-06-10 18:56:04.734878,37.09798317015085,35.21865418037979,68.9657465846901,1,mb
2025-06-10 18:57:04.734878,35.267532952288114,35.16917393386966,31.69736281102741,0,
2025-06-10 18:58:04.734878,33.887748494100876,37.17844053962897,33.3753076848226,0,
2025-06-10 18:59:04.734878,35.457645025771356,36.38464599971214,31.63496632509446,0,
2025-06-10 19:00:04.734878,34.65969007963443,31.100529653667554,33.11546363168628,0,
2025-06-10 19:01:04.734878,36.192770310700595,36.512041307362445,32.08141134978969,0,
2025-06-10 19:02:04.734878,34.71107148861138,35.83764749394882,34.77166853334153,0,
2025-06-10 19:03:04.734878,34.92926420224875,35.53510831852644,33.91681399547154,0,
2025-06-10 19:04:04.734878,33.49784230967128,34.998296881291886,33.27829455332559,0,
2025-06-10 19:05:04.734878,34.94719513689164,37.28542126419009,34.21071607019409,0,
2025-06-10 19:06:04.734878,32.98792332468911,37.03899367016139,32.52884854368644,0,
2025-06-10 19:07:04.734878,33.84038356846613,34.47711308619237,33.646926698912,0,
2025-06-10 19:08:04.734878,36.19736709651394,36.26600709124127,33.378324567159794,0,
2025-06-10 19:09:04.734878,36.23560071407896,34.21721573133027,33.436116342781006,0,
2025-06-10 19:10:04.734878,35.8882880543027,33.6248184915932,34.24929804634428,0,
2025-06-10 19:11:04.734878,34.509065860438,34.77398716846587,33.82401468400745,0,
2025-06-10 19:12:04.734878,84.63203413024424,37.02774246414683,33.47569634878425,1,cpu
2025-06-10 19:13:04.734878,35.49940619889067,37.184200675035974,31.927594420007978,0,
2025-06-10 19:14:04.734878,34.35839875874546,36.54477330205295,32.490344687745434,0,
2025-06-10 19:15:04.734878,37.03409700681609,36.88369173784541,33.1671822056479,0,
2025-06-10 19:16:04.734878,36.4221765345825,36.59148879668268,33.34710502142474,0,
2025-06-10 19:17:04.734878,84.30831813807727,34.87644230127381,32.37539191829694,1,cpu
2025-06-10 19:18:04.734878,35.600470928072745,36.50826145062824,35.216133885001845,0,
2025-06-10 19:19:04.734878,80.9139308258108,37.082974058995966,34.50723516792101,1,cpu
2025-06-10 19:20:04.734878,33.561338923716626,37.03604768293174,33.78323155238444,0,
2025-06-10 19:21:04.734878,35.370909258254564,37.710500018374695,33.366672809414574,0,
2025-06-10 19:22:04.734878,34.95129385951822,37.012372932075635,33.146871877837086,0,
2025-06-10 19:23:04.734878,84.74116525764896,36.5001441660222,32.56278918355215,1,cpu
2025-06-10 19:24:04.734878,35.38309544214203,37.60151896001662,33.39408228232909,0,
2025-06-10 19:25:04.734878,37.47760783402154,35.98010007188443,33.5461626857002,0,
2025-06-10 19:26:04.734878,36.336667181446764,34.72092450342805,32.35450369970458,0,
2025-06-10 19:27:04.734878,35.14072548149797,35.82325626100549,33.6232933694363,0,
2025-06-10 19:28:04.734878,36.300744235688285,34.97488821428852,33.23987348810626,0,
